Tên sản phẩm,Giá sản phẩm,loại màn hình,Chip,Pin,Sim,Bluetooth,Tính năng,Link,Thể loại sản phẩm,Cửa hàng
Apple Watch Series 6 Nike - 44mm - LTE - mặt...,10.990.000 VNĐ,RetinaLTPOOLED,AppleS6lõikép,Sửdụngđến18tiếng,eSIM,"Wi-Fi802.11b/g/n,dual-band;Bluetooth5.0,A2DP,LE;GPS",,https://24hstore.vn/apple-watch-series-6-nike/apple-watch-series-6-lte-44mm-nike-p5365,APPLE WATCH,24H STORE
Apple Watch Series 6 Nike - 44mm - GPS - mặt...,9.990.000 VNĐ,RetinaLTPOOLED,AppleS6lõikép,Sửdụngđến18tiếng,eSIM,"Wi-Fi802.11b/g/n,dual-band;Bluetooth5.0,A2DP,LE;GPS",,https://24hstore.vn/apple-watch-series-6-nike/apple-watch-series-6-gps-44mm-nike-p5364,APPLE WATCH,24H STORE
Apple Watch Series 5 - 44mm - LTE - mặt...,9.990.000 VNĐ,LTPOOLED,AppleS564bit,18giờ,ElectronicSIMcard(Applee-SIM),"Wifi,Bluetooth,GPS",,https://24hstore.vn/apple-watch-series-5/apple-watch-series-5-44mm-lte-mat-nhom-day-cao-su-p5166,APPLE WATCH,24H STORE
Apple Watch Series 6 - 44mm - GPS - mặt...,9.190.000 VNĐ,RetinaLTPOOLED,AppleS6lõikép,Sửdụngđến18tiếng,eSIM,"Wi-Fi802.11b/g/n,dual-band;Bluetooth5.0,A2DP,LE;GPS",,https://24hstore.vn/apple-watch-series-6/apple-watch-series-6-gps-44mm-p5337,APPLE WATCH,24H STORE
Apple Watch Series 6 Nike - 40mm - LTE - mặt...,9.590.000 VNĐ,RetinaLTPOOLED,AppleS6lõikép,Sửdụngđến18tiếng,eSIM,"Wi-Fi802.11b/g/n,dual-band;Bluetooth5.0,A2DP,LE;GPS",,https://24hstore.vn/apple-watch-series-6-nike/apple-watch-series-6-lte-nike-p5366,APPLE WATCH,24H STORE
Apple Watch Series 6 Nike - 40mm - GPS - mặt...,9.590.000 VNĐ,RetinaLTPOOLED,AppleS6lõikép,Sửdụngđến18tiếng,eSIM,"Wi-Fi802.11b/g/n,dual-band;Bluetooth5.0,A2DP,LE;GPS",,https://24hstore.vn/apple-watch-series-6-nike/apple-watch-series-6-gps-nike-p5363,APPLE WATCH,24H STORE
Apple Watch Series 5 - 40mm - LTE - mặt...,9.590.000 VNĐ,LTPOOLED,AppleS564bit,18giờ,ElectronicSIMcard(Applee-SIM),"Wifi,Bluetooth,GPS",,https://24hstore.vn/apple-watch-series-5/apple-watch-series-5-40mm-lte-mat-nhom-day-cao-su-p4312,APPLE WATCH,24H STORE
Apple Watch Series 6 - 40mm - LTE - mặt...,9.490.000 VNĐ,RetinaLTPOOLED,AppleS6lõikép,Sửdụngđến18tiếng,eSIM,"Wi-Fi802.11b/g/n,dual-band;Bluetooth5.0,A2DP,LE;GPS",,https://24hstore.vn/apple-watch-series-6/apple-watch-series-6-lte-p5316,APPLE WATCH,24H STORE
Apple Watch Series 6 - 40mm - GPS - mặt...,8.390.000 VNĐ,RetinaLTPOOLED,AppleS6lõikép,Sửdụngđến18tiếng,eSIM,"Wi-Fi802.11b/g/n,dual-band;Bluetooth5.0,A2DP,LE;GPS",,https://24hstore.vn/apple-watch-series-6/apple-watch-series-6-gps-p5317,APPLE WATCH,24H STORE
Apple Watch Series 5 - 44mm - GPS - mặt...,8.890.000 VNĐ,LTPOOLED,AppleS564bit,18giờ,ElectronicSIMcard(Applee-SIM),"Wifi,Bluetooth,GPS",,https://24hstore.vn/apple-watch-series-5/apple-watch-series-5-44mm-gps-mat-nhom-day-cao-su-p4311,APPLE WATCH,24H STORE
Apple Watch Series 6 - 44mm - LTE - mặt...,8.890.000 VNĐ,RetinaLTPOOLED,AppleS6lõikép,Sửdụngđến18tiếng,eSIM,"Wi-Fi802.11b/g/n,dual-band;Bluetooth5.0,A2DP,LE;GPS",,https://24hstore.vn/apple-watch-series-6/apple-watch-series-6-lte-44mm-p5336,APPLE WATCH,24H STORE
"Apple Watch SE - 44mm - LTE - mặt nhôm, dây...",8.590.000 VNĐ,RetinaLTPOOLED,AppleS5lõikép,Sửdụngđến18tiếng,eSIM,"Wi-Fi802.11b/g/n;Bluetooth5.0,A2DP,LE;GPS",,https://24hstore.vn/apple-watch-se/apple-watch-se-lte-44mm-p5345,APPLE WATCH,24H STORE
Apple Watch Series 5 - 40mm - GPS - mặt...,8.590.000 VNĐ,LTPOOLED,AppleS564bit,18giờ,ElectronicSIMcard(Applee-SIM),"Wifi,Bluetooth,GPS",,https://24hstore.vn/apple-watch-series-5/apple-watch-series-5-40mm-gps-mat-nhom-day-cao-su-p4310,APPLE WATCH,24H STORE
"Apple Watch SE - 40mm - LTE - mặt nhôm, dây...",8.290.000 VNĐ,RetinaLTPOOLED,AppleS5lõikép,Sửdụngđến18tiếng,eSIM,"Wi-Fi802.11b/g/n;Bluetooth5.0,A2DP,LE;GPS",,https://24hstore.vn/apple-watch-se/apple-watch-se-lte-p5344,APPLE WATCH,24H STORE
Apple Watch Series 6 - 44mm - GPS - mặt...,8.190.000 VNĐ,,,,,,,https://24hstore.vn/apple-watch-series-6/apple-watch-series-6-44mm-gps-cu-p5745,APPLE WATCH,24H STORE
Apple Watch Series 6 - 40mm - GPS - mặt...,7.990.000 VNĐ,RetinaLTPOOLED,AppleS6lõikép,Sửdụngđến18tiếng,eSIM,"Wi-Fi802.11b/g/n,dual-band;Bluetooth5.0,A2DP,LE;GPS",,https://24hstore.vn/apple-watch-series-6/apple-watch-series-6-40mm-gps-mat-nhom-day-cao-su-cu-p5622,APPLE WATCH,24H STORE
Apple Watch Series 5 - 44mm - LTE - mặt...,7.990.000 VNĐ,LTPOOLED,AppleS564bit,18giờ,ElectronicSIMcard(Applee-SIM),"Wifi,Bluetooth,GPS",,https://24hstore.vn/apple-watch-series-5-cu/apple-watch-series-5-44mm-lte-mat-nhom-day-cao-su-cu-p5159,APPLE WATCH,24H STORE
"Apple Watch SE Nike - 44mm - LTE - mặt nhôm,...",7.890.000 VNĐ,RetinaLTPOOLED,AppleS5lõikép,Sửdụngđến18tiếng,eSIM,"Wi-Fi802.11b/g/n;Bluetooth5.0,A2DP,LE;GPS",,https://24hstore.vn/apple-watch-se-nike/apple-watch-se-lte-44mm-nike-p5370,APPLE WATCH,24H STORE
"Apple Watch SE Nike - 44mm - GPS - mặt nhôm,...",7.890.000 VNĐ,RetinaLTPOOLED,AppleS5lõikép,Sửdụngđến18tiếng,Không,"Wi-Fi802.11b/g/n;Bluetooth5.0,A2DP,LE;GPS",,https://24hstore.vn/apple-watch-se-nike/apple-watch-se-gps-44mm-nike-p5368,APPLE WATCH,24H STORE
"Apple Watch SE - 44mm - GPS - mặt nhôm, dây...",7.390.000 VNĐ,RetinaLTPOOLED,AppleS5lõikép,Sửdụngđến18tiếng,Không,"Wi-Fi802.11b/g/n;Bluetooth5.0,A2DP,LE;GPS",,https://24hstore.vn/apple-watch-se/apple-watch-se-gps-44mm-p5340,APPLE WATCH,24H STORE
"Apple Watch SE Nike - 40mm - LTE - mặt nhôm,...",7.590.000 VNĐ,RetinaLTPOOLED,AppleS5lõikép,Sửdụngđến18tiếng,eSIM,"Wi-Fi802.11b/g/n;Bluetooth5.0,A2DP,LE;GPS",,https://24hstore.vn/apple-watch-se-nike/apple-watch-se-lte-nike-p5369,APPLE WATCH,24H STORE
"Apple Watch SE Nike - 40mm - GPS - mặt nhôm,...",7.590.000 VNĐ,RetinaLTPOOLED,AppleS5lõikép,Sửdụngđến18tiếng,Không,"Wi-Fi802.11b/g/n;Bluetooth5.0,A2DP,LE;GPS",,https://24hstore.vn/apple-watch-se-nike/apple-watch-se-gps-nike-p5367,APPLE WATCH,24H STORE
"Apple Watch SE - 40mm - GPS - mặt nhôm, dây...",6.590.000 VNĐ,RetinaLTPOOLED,AppleS5lõikép,Sửdụngđến18tiếng,Không,"Wi-Fi802.11b/g/n;Bluetooth5.0,A2DP,LE;GPS",,https://24hstore.vn/apple-watch-se/apple-watch-se-p5335,APPLE WATCH,24H STORE
Apple Watch Series 5 - 44mm - GPS - mặt...,6.990.000 VNĐ,LTPOOLED,AppleS564bit,18giờ,ElectronicSIMcard(Applee-SIM),"Wifi,Bluetooth,GPS",,https://24hstore.vn/apple-watch-series-5-cu/apple-watch-series-5-44mm-gps-mat-nhom-day-cao-su-cu-p5161,APPLE WATCH,24H STORE
Apple Watch Series 5 - 40mm - LTE - mặt...,6.390.000 VNĐ,LTPOOLED,AppleS564bit,18giờ,ElectronicSIMcard(Applee-SIM),"Wifi,Bluetooth,GPS",,https://24hstore.vn/apple-watch-series-5-cu/apple-watch-series-5-40mm-lte-mat-nhom-day-cao-su-cu-p5157,APPLE WATCH,24H STORE
"Apple Watch SE - 40mm - GPS - mặt nhôm, dây...",6.390.000 VNĐ,,,,,,,https://24hstore.vn/apple-watch-se-cu/apple-watch-se-40mm-gps-cu-p5744,APPLE WATCH,24H STORE
Apple Watch Series 4 GPS - mặt nhôm - dây...,5.490.000 VNĐ,AMOLED,AppleS464bit,340mAh,ElectronicSIMcard(Applee-SIM),"Wifi,Bluetoothv5.0,GPS",,https://24hstore.vn/apple-watch-series-4-cu/apple-watch-series-4-gps-mat-nhom-day-cao-su-40mm-cu-p3517,APPLE WATCH,24H STORE
Apple Watch Series 5 - 40mm - GPS - mặt...,5.990.000 VNĐ,LTPOOLED,AppleS564bit,18giờ,ElectronicSIMcard(Applee-SIM),"Wifi,Bluetooth,GPS",,https://24hstore.vn/apple-watch-series-5-cu/apple-watch-series-5-40mm-gps-mat-nhom-day-cao-su-cu-p5158,APPLE WATCH,24H STORE
Apple Watch Series 4 LTE - mặt nhôm - dây...,5.990.000 VNĐ,AMOLED,AppleS464bit,340mAh,ElectronicSIMcard(Applee-SIM),"Wifi,Bluetoothv5.0,GPS",,https://24hstore.vn/apple-watch-series-4-cu/apple-watch-series-4-lte-mat-nhom-day-cao-su-44mm-cu-p3525,APPLE WATCH,24H STORE
Apple Watch Series 4 GPS - mặt nhôm - dây...,5.790.000 VNĐ,AMOLED,AppleS464bit,340mAh,ElectronicSIMcard(Applee-SIM),"Wifi,Bluetoothv5.0,GPS",,https://24hstore.vn/apple-watch-series-4-cu/apple-watch-series-4-gps-mat-nhom-day-cao-su-44mm-cu-p3524,APPLE WATCH,24H STORE
Apple Watch Series 3 - 42mm - GPS - mặt...,5.090.000 VNĐ,,,,,,,https://24hstore.vn/apple-watch-series-3/apple-watch-series-3-gps-mat-nhom-day-cao-su-p3319,APPLE WATCH,24H STORE
Apple Watch Series 4 LTE - mặt nhôm - dây...,5.590.000 VNĐ,AMOLED,AppleS464bit,340mAh,ElectronicSIMcard(Applee-SIM),"Wifi,Bluetoothv5.0,GPS",,https://24hstore.vn/apple-watch-series-4-cu/apple-watch-series-4-lte-mat-nhom-day-cao-su-40mm-cu-p3518,APPLE WATCH,24H STORE
Apple Watch Series 3 - 38mm - GPS - mặt...,4.390.000 VNĐ,,,,,,,https://24hstore.vn/apple-watch-series-3/apple-watch-series-3-38mm-gps-mat-nhom-day-cao-su-p5738,APPLE WATCH,24H STORE
"Apple Watch Series 3 LTE - 38mm - mặt nhôm,...",4.890.000 VNĐ,,,,,,,https://24hstore.vn/apple-watch-series-3/apple-watch-series-3-38-mm-lte-mat-nhom-day-cao-su-p3320,APPLE WATCH,24H STORE
Apple Watch Series 3 - 38mm - LTE - Mặt...,3.690.000 VNĐ,"OLED,Ion-Xstrengthenedglass",AppleS32nhân,279mAh,ElectronicSIMcard(Applee-SIM),Bluetooth/Hỗtrợ/eSimWifi,,https://24hstore.vn/apple-watch-series-3-cu/apple-watch-series-3-38mm-lte-mat-nhom-day-cao-su-p5824,APPLE WATCH,24H STORE
Apple Watch Series 3 LTE - mặt nhôm - 42mm -...,4.190.000 VNĐ,AMOLED,S3vớibộxửlýlõikép-ChipkhôngdâyAppleW2,,ElectronicSIMcard(Applee-SIM),"Wi-Fi(802.11b/g/n2.4GHz),Bluetooth4.2",,https://24hstore.vn/apple-watch-series-3-cu/apple-watch-series-3-lte-mat-nhom-99-p3334,APPLE WATCH,24H STORE
Apple Watch Series 3 - 42mm - GPS - mặt nhôm...,4.090.000 VNĐ,AMOLED,S3vớibộxửlýlõikép-ChipkhôngdâyAppleW2,,ElectronicSIMcard(Applee-SIM),"Wi-Fi(802.11b/g/n2.4GHz),Bluetooth4.2",,https://24hstore.vn/apple-watch-series-3-cu/apple-watch-series-3-gps-mat-nhom-99-p3333,APPLE WATCH,24H STORE
Apple Watch Series 3 - 38mm - GPS - mặt nhôm...,3.590.000 VNĐ,,,,,,,https://24hstore.vn/apple-watch-series-3-cu/apple-watch-series-3-38mm-gps-mat-nhom-99-p5739,APPLE WATCH,24H STORE
Apple Watch Series 3 LTE - mặt nhôm - 38mm -...,Liên hệ,AMOLED,S3vớibộxửlýlõikép-ChipkhôngdâyAppleW2,,ElectronicSIMcard(Applee-SIM),"Wi-Fi(802.11b/g/n2.4GHz),Bluetooth4.2",,https://24hstore.vn/apple-watch-series-3-cu/apple-watch-series-3-lte-mat-nhom-day-38mm-cu-p3432,APPLE WATCH,24H STORE
"Apple Watch Series 4 LTE - mặt thép, dây...",Liên hệ,AMOLED,AppleS464bit,340mAh,ElectronicSIMcard(Applee-SIM),"Wifi,Bluetoothv5.0,GPS",,https://24hstore.vn/apple-watch-series-4/apple-watch-series-4-lte-mat-thep-day-thep-milanes-p3387,APPLE WATCH,24H STORE
"Apple Watch SE - 40mm - GPS - mặt nhôm, dây...",6.390.000 VNĐ,,,,,,,https://24hstore.vn/apple-watch-se-cu/apple-watch-se-40mm-gps-cu-p5744,APPLE WATCH,24H STORE
Apple Watch Series 4 GPS - mặt nhôm - dây...,5.490.000 VNĐ,AMOLED,AppleS464bit,340mAh,ElectronicSIMcard(Applee-SIM),"Wifi,Bluetoothv5.0,GPS",,https://24hstore.vn/apple-watch-series-4-cu/apple-watch-series-4-gps-mat-nhom-day-cao-su-40mm-cu-p3517,APPLE WATCH,24H STORE
Apple Watch Series 5 - 40mm - GPS - mặt...,5.990.000 VNĐ,LTPOOLED,AppleS564bit,18giờ,ElectronicSIMcard(Applee-SIM),"Wifi,Bluetooth,GPS",,https://24hstore.vn/apple-watch-series-5-cu/apple-watch-series-5-40mm-gps-mat-nhom-day-cao-su-cu-p5158,APPLE WATCH,24H STORE
Apple Watch Series 4 LTE - mặt nhôm - dây...,5.990.000 VNĐ,AMOLED,AppleS464bit,340mAh,ElectronicSIMcard(Applee-SIM),"Wifi,Bluetoothv5.0,GPS",,https://24hstore.vn/apple-watch-series-4-cu/apple-watch-series-4-lte-mat-nhom-day-cao-su-44mm-cu-p3525,APPLE WATCH,24H STORE
Apple Watch Series 4 GPS - mặt nhôm - dây...,5.790.000 VNĐ,AMOLED,AppleS464bit,340mAh,ElectronicSIMcard(Applee-SIM),"Wifi,Bluetoothv5.0,GPS",,https://24hstore.vn/apple-watch-series-4-cu/apple-watch-series-4-gps-mat-nhom-day-cao-su-44mm-cu-p3524,APPLE WATCH,24H STORE
Apple Watch Series 3 - 42mm - GPS - mặt...,5.090.000 VNĐ,,,,,,,https://24hstore.vn/apple-watch-series-3/apple-watch-series-3-gps-mat-nhom-day-cao-su-p3319,APPLE WATCH,24H STORE
Apple Watch Series 4 LTE - mặt nhôm - dây...,5.590.000 VNĐ,AMOLED,AppleS464bit,340mAh,ElectronicSIMcard(Applee-SIM),"Wifi,Bluetoothv5.0,GPS",,https://24hstore.vn/apple-watch-series-4-cu/apple-watch-series-4-lte-mat-nhom-day-cao-su-40mm-cu-p3518,APPLE WATCH,24H STORE
Apple Watch Series 3 - 38mm - GPS - mặt...,4.390.000 VNĐ,,,,,,,https://24hstore.vn/apple-watch-series-3/apple-watch-series-3-38mm-gps-mat-nhom-day-cao-su-p5738,APPLE WATCH,24H STORE
"Apple Watch Series 3 LTE - 38mm - mặt nhôm,...",4.890.000 VNĐ,,,,,,,https://24hstore.vn/apple-watch-series-3/apple-watch-series-3-38-mm-lte-mat-nhom-day-cao-su-p3320,APPLE WATCH,24H STORE
Apple Watch Series 3 - 38mm - LTE - Mặt...,3.690.000 VNĐ,"OLED,Ion-Xstrengthenedglass",AppleS32nhân,279mAh,ElectronicSIMcard(Applee-SIM),Bluetooth/Hỗtrợ/eSimWifi,,https://24hstore.vn/apple-watch-series-3-cu/apple-watch-series-3-38mm-lte-mat-nhom-day-cao-su-p5824,APPLE WATCH,24H STORE
Apple Watch Series 3 LTE - mặt nhôm - 42mm -...,4.190.000 VNĐ,AMOLED,S3vớibộxửlýlõikép-ChipkhôngdâyAppleW2,,ElectronicSIMcard(Applee-SIM),"Wi-Fi(802.11b/g/n2.4GHz),Bluetooth4.2",,https://24hstore.vn/apple-watch-series-3-cu/apple-watch-series-3-lte-mat-nhom-99-p3334,APPLE WATCH,24H STORE
Apple Watch Series 3 - 42mm - GPS - mặt nhôm...,4.090.000 VNĐ,AMOLED,S3vớibộxửlýlõikép-ChipkhôngdâyAppleW2,,ElectronicSIMcard(Applee-SIM),"Wi-Fi(802.11b/g/n2.4GHz),Bluetooth4.2",,https://24hstore.vn/apple-watch-series-3-cu/apple-watch-series-3-gps-mat-nhom-99-p3333,APPLE WATCH,24H STORE
Apple Watch Series 3 - 38mm - GPS - mặt nhôm...,3.590.000 VNĐ,,,,,,,https://24hstore.vn/apple-watch-series-3-cu/apple-watch-series-3-38mm-gps-mat-nhom-99-p5739,APPLE WATCH,24H STORE
Apple Watch Series 3 LTE - mặt nhôm - 38mm -...,Liên hệ,AMOLED,S3vớibộxửlýlõikép-ChipkhôngdâyAppleW2,,ElectronicSIMcard(Applee-SIM),"Wi-Fi(802.11b/g/n2.4GHz),Bluetooth4.2",,https://24hstore.vn/apple-watch-series-3-cu/apple-watch-series-3-lte-mat-nhom-day-38mm-cu-p3432,APPLE WATCH,24H STORE
"Apple Watch Series 4 LTE - mặt thép, dây...",Liên hệ,AMOLED,AppleS464bit,340mAh,ElectronicSIMcard(Applee-SIM),"Wifi,Bluetoothv5.0,GPS",,https://24hstore.vn/apple-watch-series-4/apple-watch-series-4-lte-mat-thep-day-thep-milanes-p3387,APPLE WATCH,24H STORE
"Apple Watch SE - 40mm - GPS - mặt nhôm, dây...",6.390.000 VNĐ,,,,,,,https://24hstore.vn/apple-watch-se-cu/apple-watch-se-40mm-gps-cu-p5744,APPLE WATCH,24H STORE
Apple Watch Series 4 GPS - mặt nhôm - dây...,5.490.000 VNĐ,AMOLED,AppleS464bit,340mAh,ElectronicSIMcard(Applee-SIM),"Wifi,Bluetoothv5.0,GPS",,https://24hstore.vn/apple-watch-series-4-cu/apple-watch-series-4-gps-mat-nhom-day-cao-su-40mm-cu-p3517,APPLE WATCH,24H STORE
Apple Watch Series 5 - 40mm - GPS - mặt...,5.990.000 VNĐ,LTPOOLED,AppleS564bit,18giờ,ElectronicSIMcard(Applee-SIM),"Wifi,Bluetooth,GPS",,https://24hstore.vn/apple-watch-series-5-cu/apple-watch-series-5-40mm-gps-mat-nhom-day-cao-su-cu-p5158,APPLE WATCH,24H STORE
Apple Watch Series 4 LTE - mặt nhôm - dây...,5.990.000 VNĐ,AMOLED,AppleS464bit,340mAh,ElectronicSIMcard(Applee-SIM),"Wifi,Bluetoothv5.0,GPS",,https://24hstore.vn/apple-watch-series-4-cu/apple-watch-series-4-lte-mat-nhom-day-cao-su-44mm-cu-p3525,APPLE WATCH,24H STORE
Apple Watch Series 4 GPS - mặt nhôm - dây...,5.790.000 VNĐ,AMOLED,AppleS464bit,340mAh,ElectronicSIMcard(Applee-SIM),"Wifi,Bluetoothv5.0,GPS",,https://24hstore.vn/apple-watch-series-4-cu/apple-watch-series-4-gps-mat-nhom-day-cao-su-44mm-cu-p3524,APPLE WATCH,24H STORE
Apple Watch Series 3 - 42mm - GPS - mặt...,5.090.000 VNĐ,,,,,,,https://24hstore.vn/apple-watch-series-3/apple-watch-series-3-gps-mat-nhom-day-cao-su-p3319,APPLE WATCH,24H STORE
Apple Watch Series 4 LTE - mặt nhôm - dây...,5.590.000 VNĐ,AMOLED,AppleS464bit,340mAh,ElectronicSIMcard(Applee-SIM),"Wifi,Bluetoothv5.0,GPS",,https://24hstore.vn/apple-watch-series-4-cu/apple-watch-series-4-lte-mat-nhom-day-cao-su-40mm-cu-p3518,APPLE WATCH,24H STORE
Apple Watch Series 3 - 38mm - GPS - mặt...,4.390.000 VNĐ,,,,,,,https://24hstore.vn/apple-watch-series-3/apple-watch-series-3-38mm-gps-mat-nhom-day-cao-su-p5738,APPLE WATCH,24H STORE
"Apple Watch Series 3 LTE - 38mm - mặt nhôm,...",4.890.000 VNĐ,,,,,,,https://24hstore.vn/apple-watch-series-3/apple-watch-series-3-38-mm-lte-mat-nhom-day-cao-su-p3320,APPLE WATCH,24H STORE
Apple Watch Series 3 - 38mm - LTE - Mặt...,3.690.000 VNĐ,"OLED,Ion-Xstrengthenedglass",AppleS32nhân,279mAh,ElectronicSIMcard(Applee-SIM),Bluetooth/Hỗtrợ/eSimWifi,,https://24hstore.vn/apple-watch-series-3-cu/apple-watch-series-3-38mm-lte-mat-nhom-day-cao-su-p5824,APPLE WATCH,24H STORE
Apple Watch Series 3 LTE - mặt nhôm - 42mm -...,4.190.000 VNĐ,AMOLED,S3vớibộxửlýlõikép-ChipkhôngdâyAppleW2,,ElectronicSIMcard(Applee-SIM),"Wi-Fi(802.11b/g/n2.4GHz),Bluetooth4.2",,https://24hstore.vn/apple-watch-series-3-cu/apple-watch-series-3-lte-mat-nhom-99-p3334,APPLE WATCH,24H STORE
Apple Watch Series 3 - 42mm - GPS - mặt nhôm...,4.090.000 VNĐ,AMOLED,S3vớibộxửlýlõikép-ChipkhôngdâyAppleW2,,ElectronicSIMcard(Applee-SIM),"Wi-Fi(802.11b/g/n2.4GHz),Bluetooth4.2",,https://24hstore.vn/apple-watch-series-3-cu/apple-watch-series-3-gps-mat-nhom-99-p3333,APPLE WATCH,24H STORE
Apple Watch Series 3 - 38mm - GPS - mặt nhôm...,3.590.000 VNĐ,,,,,,,https://24hstore.vn/apple-watch-series-3-cu/apple-watch-series-3-38mm-gps-mat-nhom-99-p5739,APPLE WATCH,24H STORE
Apple Watch Series 3 LTE - mặt nhôm - 38mm -...,Liên hệ,AMOLED,S3vớibộxửlýlõikép-ChipkhôngdâyAppleW2,,ElectronicSIMcard(Applee-SIM),"Wi-Fi(802.11b/g/n2.4GHz),Bluetooth4.2",,https://24hstore.vn/apple-watch-series-3-cu/apple-watch-series-3-lte-mat-nhom-day-38mm-cu-p3432,APPLE WATCH,24H STORE
"Apple Watch Series 4 LTE - mặt thép, dây...",Liên hệ,AMOLED,AppleS464bit,340mAh,ElectronicSIMcard(Applee-SIM),"Wifi,Bluetoothv5.0,GPS",,https://24hstore.vn/apple-watch-series-4/apple-watch-series-4-lte-mat-thep-day-thep-milanes-p3387,APPLE WATCH,24H STORE
"Apple Watch SE - 40mm - GPS - mặt nhôm, dây...",6.390.000 VNĐ,,,,,,,https://24hstore.vn/apple-watch-se-cu/apple-watch-se-40mm-gps-cu-p5744,APPLE WATCH,24H STORE
Apple Watch Series 4 GPS - mặt nhôm - dây...,5.490.000 VNĐ,AMOLED,AppleS464bit,340mAh,ElectronicSIMcard(Applee-SIM),"Wifi,Bluetoothv5.0,GPS",,https://24hstore.vn/apple-watch-series-4-cu/apple-watch-series-4-gps-mat-nhom-day-cao-su-40mm-cu-p3517,APPLE WATCH,24H STORE
Apple Watch Series 5 - 40mm - GPS - mặt...,5.990.000 VNĐ,LTPOOLED,AppleS564bit,18giờ,ElectronicSIMcard(Applee-SIM),"Wifi,Bluetooth,GPS",,https://24hstore.vn/apple-watch-series-5-cu/apple-watch-series-5-40mm-gps-mat-nhom-day-cao-su-cu-p5158,APPLE WATCH,24H STORE
Apple Watch Series 4 LTE - mặt nhôm - dây...,5.990.000 VNĐ,AMOLED,AppleS464bit,340mAh,ElectronicSIMcard(Applee-SIM),"Wifi,Bluetoothv5.0,GPS",,https://24hstore.vn/apple-watch-series-4-cu/apple-watch-series-4-lte-mat-nhom-day-cao-su-44mm-cu-p3525,APPLE WATCH,24H STORE
Apple Watch Series 4 GPS - mặt nhôm - dây...,5.790.000 VNĐ,AMOLED,AppleS464bit,340mAh,ElectronicSIMcard(Applee-SIM),"Wifi,Bluetoothv5.0,GPS",,https://24hstore.vn/apple-watch-series-4-cu/apple-watch-series-4-gps-mat-nhom-day-cao-su-44mm-cu-p3524,APPLE WATCH,24H STORE
Apple Watch Series 3 - 42mm - GPS - mặt...,5.090.000 VNĐ,,,,,,,https://24hstore.vn/apple-watch-series-3/apple-watch-series-3-gps-mat-nhom-day-cao-su-p3319,APPLE WATCH,24H STORE
Apple Watch Series 4 LTE - mặt nhôm - dây...,5.590.000 VNĐ,AMOLED,AppleS464bit,340mAh,ElectronicSIMcard(Applee-SIM),"Wifi,Bluetoothv5.0,GPS",,https://24hstore.vn/apple-watch-series-4-cu/apple-watch-series-4-lte-mat-nhom-day-cao-su-40mm-cu-p3518,APPLE WATCH,24H STORE
Apple Watch Series 3 - 38mm - GPS - mặt...,4.390.000 VNĐ,,,,,,,https://24hstore.vn/apple-watch-series-3/apple-watch-series-3-38mm-gps-mat-nhom-day-cao-su-p5738,APPLE WATCH,24H STORE
"Apple Watch Series 3 LTE - 38mm - mặt nhôm,...",4.890.000 VNĐ,,,,,,,https://24hstore.vn/apple-watch-series-3/apple-watch-series-3-38-mm-lte-mat-nhom-day-cao-su-p3320,APPLE WATCH,24H STORE
Apple Watch Series 3 - 38mm - LTE - Mặt...,3.690.000 VNĐ,"OLED,Ion-Xstrengthenedglass",AppleS32nhân,279mAh,ElectronicSIMcard(Applee-SIM),Bluetooth/Hỗtrợ/eSimWifi,,https://24hstore.vn/apple-watch-series-3-cu/apple-watch-series-3-38mm-lte-mat-nhom-day-cao-su-p5824,APPLE WATCH,24H STORE
Apple Watch Series 3 LTE - mặt nhôm - 42mm -...,4.190.000 VNĐ,AMOLED,S3vớibộxửlýlõikép-ChipkhôngdâyAppleW2,,ElectronicSIMcard(Applee-SIM),"Wi-Fi(802.11b/g/n2.4GHz),Bluetooth4.2",,https://24hstore.vn/apple-watch-series-3-cu/apple-watch-series-3-lte-mat-nhom-99-p3334,APPLE WATCH,24H STORE
Apple Watch Series 3 - 42mm - GPS - mặt nhôm...,4.090.000 VNĐ,AMOLED,S3vớibộxửlýlõikép-ChipkhôngdâyAppleW2,,ElectronicSIMcard(Applee-SIM),"Wi-Fi(802.11b/g/n2.4GHz),Bluetooth4.2",,https://24hstore.vn/apple-watch-series-3-cu/apple-watch-series-3-gps-mat-nhom-99-p3333,APPLE WATCH,24H STORE
Apple Watch Series 3 - 38mm - GPS - mặt nhôm...,3.590.000 VNĐ,,,,,,,https://24hstore.vn/apple-watch-series-3-cu/apple-watch-series-3-38mm-gps-mat-nhom-99-p5739,APPLE WATCH,24H STORE
Apple Watch Series 3 LTE - mặt nhôm - 38mm -...,Liên hệ,AMOLED,S3vớibộxửlýlõikép-ChipkhôngdâyAppleW2,,ElectronicSIMcard(Applee-SIM),"Wi-Fi(802.11b/g/n2.4GHz),Bluetooth4.2",,https://24hstore.vn/apple-watch-series-3-cu/apple-watch-series-3-lte-mat-nhom-day-38mm-cu-p3432,APPLE WATCH,24H STORE
"Apple Watch Series 4 LTE - mặt thép, dây...",Liên hệ,AMOLED,AppleS464bit,340mAh,ElectronicSIMcard(Applee-SIM),"Wifi,Bluetoothv5.0,GPS",,https://24hstore.vn/apple-watch-series-4/apple-watch-series-4-lte-mat-thep-day-thep-milanes-p3387,APPLE WATCH,24H STORE
"Apple Watch SE - 40mm - GPS - mặt nhôm, dây...",6.390.000 VNĐ,,,,,,,https://24hstore.vn/apple-watch-se-cu/apple-watch-se-40mm-gps-cu-p5744,APPLE WATCH,24H STORE
Apple Watch Series 4 GPS - mặt nhôm - dây...,5.490.000 VNĐ,AMOLED,AppleS464bit,340mAh,ElectronicSIMcard(Applee-SIM),"Wifi,Bluetoothv5.0,GPS",,https://24hstore.vn/apple-watch-series-4-cu/apple-watch-series-4-gps-mat-nhom-day-cao-su-40mm-cu-p3517,APPLE WATCH,24H STORE
Apple Watch Series 5 - 40mm - GPS - mặt...,5.990.000 VNĐ,LTPOOLED,AppleS564bit,18giờ,ElectronicSIMcard(Applee-SIM),"Wifi,Bluetooth,GPS",,https://24hstore.vn/apple-watch-series-5-cu/apple-watch-series-5-40mm-gps-mat-nhom-day-cao-su-cu-p5158,APPLE WATCH,24H STORE
Apple Watch Series 4 LTE - mặt nhôm - dây...,5.990.000 VNĐ,AMOLED,AppleS464bit,340mAh,ElectronicSIMcard(Applee-SIM),"Wifi,Bluetoothv5.0,GPS",,https://24hstore.vn/apple-watch-series-4-cu/apple-watch-series-4-lte-mat-nhom-day-cao-su-44mm-cu-p3525,APPLE WATCH,24H STORE
Apple Watch Series 4 GPS - mặt nhôm - dây...,5.790.000 VNĐ,AMOLED,AppleS464bit,340mAh,ElectronicSIMcard(Applee-SIM),"Wifi,Bluetoothv5.0,GPS",,https://24hstore.vn/apple-watch-series-4-cu/apple-watch-series-4-gps-mat-nhom-day-cao-su-44mm-cu-p3524,APPLE WATCH,24H STORE
Apple Watch Series 3 - 42mm - GPS - mặt...,5.090.000 VNĐ,,,,,,,https://24hstore.vn/apple-watch-series-3/apple-watch-series-3-gps-mat-nhom-day-cao-su-p3319,APPLE WATCH,24H STORE
Apple Watch Series 4 LTE - mặt nhôm - dây...,5.590.000 VNĐ,AMOLED,AppleS464bit,340mAh,ElectronicSIMcard(Applee-SIM),"Wifi,Bluetoothv5.0,GPS",,https://24hstore.vn/apple-watch-series-4-cu/apple-watch-series-4-lte-mat-nhom-day-cao-su-40mm-cu-p3518,APPLE WATCH,24H STORE
Apple Watch Series 3 - 38mm - GPS - mặt...,4.390.000 VNĐ,,,,,,,https://24hstore.vn/apple-watch-series-3/apple-watch-series-3-38mm-gps-mat-nhom-day-cao-su-p5738,APPLE WATCH,24H STORE
"Apple Watch Series 3 LTE - 38mm - mặt nhôm,...",4.890.000 VNĐ,,,,,,,https://24hstore.vn/apple-watch-series-3/apple-watch-series-3-38-mm-lte-mat-nhom-day-cao-su-p3320,APPLE WATCH,24H STORE
Apple Watch Series 3 - 38mm - LTE - Mặt...,3.690.000 VNĐ,"OLED,Ion-Xstrengthenedglass",AppleS32nhân,279mAh,ElectronicSIMcard(Applee-SIM),Bluetooth/Hỗtrợ/eSimWifi,,https://24hstore.vn/apple-watch-series-3-cu/apple-watch-series-3-38mm-lte-mat-nhom-day-cao-su-p5824,APPLE WATCH,24H STORE
Apple Watch Series 3 LTE - mặt nhôm - 42mm -...,4.190.000 VNĐ,AMOLED,S3vớibộxửlýlõikép-ChipkhôngdâyAppleW2,,ElectronicSIMcard(Applee-SIM),"Wi-Fi(802.11b/g/n2.4GHz),Bluetooth4.2",,https://24hstore.vn/apple-watch-series-3-cu/apple-watch-series-3-lte-mat-nhom-99-p3334,APPLE WATCH,24H STORE
Apple Watch Series 3 - 42mm - GPS - mặt nhôm...,4.090.000 VNĐ,AMOLED,S3vớibộxửlýlõikép-ChipkhôngdâyAppleW2,,ElectronicSIMcard(Applee-SIM),"Wi-Fi(802.11b/g/n2.4GHz),Bluetooth4.2",,https://24hstore.vn/apple-watch-series-3-cu/apple-watch-series-3-gps-mat-nhom-99-p3333,APPLE WATCH,24H STORE
Apple Watch Series 3 - 38mm - GPS - mặt nhôm...,3.590.000 VNĐ,,,,,,,https://24hstore.vn/apple-watch-series-3-cu/apple-watch-series-3-38mm-gps-mat-nhom-99-p5739,APPLE WATCH,24H STORE
Apple Watch Series 3 LTE - mặt nhôm - 38mm -...,Liên hệ,AMOLED,S3vớibộxửlýlõikép-ChipkhôngdâyAppleW2,,ElectronicSIMcard(Applee-SIM),"Wi-Fi(802.11b/g/n2.4GHz),Bluetooth4.2",,https://24hstore.vn/apple-watch-series-3-cu/apple-watch-series-3-lte-mat-nhom-day-38mm-cu-p3432,APPLE WATCH,24H STORE
"Apple Watch Series 4 LTE - mặt thép, dây...",Liên hệ,AMOLED,AppleS464bit,340mAh,ElectronicSIMcard(Applee-SIM),"Wifi,Bluetoothv5.0,GPS",,https://24hstore.vn/apple-watch-series-4/apple-watch-series-4-lte-mat-thep-day-thep-milanes-p3387,APPLE WATCH,24H STORE
"Apple Watch SE - 40mm - GPS - mặt nhôm, dây...",6.390.000 VNĐ,,,,,,,https://24hstore.vn/apple-watch-se-cu/apple-watch-se-40mm-gps-cu-p5744,APPLE WATCH,24H STORE
Apple Watch Series 4 GPS - mặt nhôm - dây...,5.490.000 VNĐ,AMOLED,AppleS464bit,340mAh,ElectronicSIMcard(Applee-SIM),"Wifi,Bluetoothv5.0,GPS",,https://24hstore.vn/apple-watch-series-4-cu/apple-watch-series-4-gps-mat-nhom-day-cao-su-40mm-cu-p3517,APPLE WATCH,24H STORE
Apple Watch Series 5 - 40mm - GPS - mặt...,5.990.000 VNĐ,LTPOOLED,AppleS564bit,18giờ,ElectronicSIMcard(Applee-SIM),"Wifi,Bluetooth,GPS",,https://24hstore.vn/apple-watch-series-5-cu/apple-watch-series-5-40mm-gps-mat-nhom-day-cao-su-cu-p5158,APPLE WATCH,24H STORE
Apple Watch Series 4 LTE - mặt nhôm - dây...,5.990.000 VNĐ,AMOLED,AppleS464bit,340mAh,ElectronicSIMcard(Applee-SIM),"Wifi,Bluetoothv5.0,GPS",,https://24hstore.vn/apple-watch-series-4-cu/apple-watch-series-4-lte-mat-nhom-day-cao-su-44mm-cu-p3525,APPLE WATCH,24H STORE
Apple Watch Series 4 GPS - mặt nhôm - dây...,5.790.000 VNĐ,AMOLED,AppleS464bit,340mAh,ElectronicSIMcard(Applee-SIM),"Wifi,Bluetoothv5.0,GPS",,https://24hstore.vn/apple-watch-series-4-cu/apple-watch-series-4-gps-mat-nhom-day-cao-su-44mm-cu-p3524,APPLE WATCH,24H STORE
Apple Watch Series 3 - 42mm - GPS - mặt...,5.090.000 VNĐ,,,,,,,https://24hstore.vn/apple-watch-series-3/apple-watch-series-3-gps-mat-nhom-day-cao-su-p3319,APPLE WATCH,24H STORE
Apple Watch Series 4 LTE - mặt nhôm - dây...,5.590.000 VNĐ,AMOLED,AppleS464bit,340mAh,ElectronicSIMcard(Applee-SIM),"Wifi,Bluetoothv5.0,GPS",,https://24hstore.vn/apple-watch-series-4-cu/apple-watch-series-4-lte-mat-nhom-day-cao-su-40mm-cu-p3518,APPLE WATCH,24H STORE
Apple Watch Series 3 - 38mm - GPS - mặt...,4.390.000 VNĐ,,,,,,,https://24hstore.vn/apple-watch-series-3/apple-watch-series-3-38mm-gps-mat-nhom-day-cao-su-p5738,APPLE WATCH,24H STORE
"Apple Watch Series 3 LTE - 38mm - mặt nhôm,...",4.890.000 VNĐ,,,,,,,https://24hstore.vn/apple-watch-series-3/apple-watch-series-3-38-mm-lte-mat-nhom-day-cao-su-p3320,APPLE WATCH,24H STORE
Apple Watch Series 3 - 38mm - LTE - Mặt...,3.690.000 VNĐ,"OLED,Ion-Xstrengthenedglass",AppleS32nhân,279mAh,ElectronicSIMcard(Applee-SIM),Bluetooth/Hỗtrợ/eSimWifi,,https://24hstore.vn/apple-watch-series-3-cu/apple-watch-series-3-38mm-lte-mat-nhom-day-cao-su-p5824,APPLE WATCH,24H STORE
Apple Watch Series 3 LTE - mặt nhôm - 42mm -...,4.190.000 VNĐ,AMOLED,S3vớibộxửlýlõikép-ChipkhôngdâyAppleW2,,ElectronicSIMcard(Applee-SIM),"Wi-Fi(802.11b/g/n2.4GHz),Bluetooth4.2",,https://24hstore.vn/apple-watch-series-3-cu/apple-watch-series-3-lte-mat-nhom-99-p3334,APPLE WATCH,24H STORE
Apple Watch Series 3 - 42mm - GPS - mặt nhôm...,4.090.000 VNĐ,AMOLED,S3vớibộxửlýlõikép-ChipkhôngdâyAppleW2,,ElectronicSIMcard(Applee-SIM),"Wi-Fi(802.11b/g/n2.4GHz),Bluetooth4.2",,https://24hstore.vn/apple-watch-series-3-cu/apple-watch-series-3-gps-mat-nhom-99-p3333,APPLE WATCH,24H STORE
Apple Watch Series 3 - 38mm - GPS - mặt nhôm...,3.590.000 VNĐ,,,,,,,https://24hstore.vn/apple-watch-series-3-cu/apple-watch-series-3-38mm-gps-mat-nhom-99-p5739,APPLE WATCH,24H STORE
Apple Watch Series 3 LTE - mặt nhôm - 38mm -...,Liên hệ,AMOLED,S3vớibộxửlýlõikép-ChipkhôngdâyAppleW2,,ElectronicSIMcard(Applee-SIM),"Wi-Fi(802.11b/g/n2.4GHz),Bluetooth4.2",,https://24hstore.vn/apple-watch-series-3-cu/apple-watch-series-3-lte-mat-nhom-day-38mm-cu-p3432,APPLE WATCH,24H STORE
"Apple Watch Series 4 LTE - mặt thép, dây...",Liên hệ,AMOLED,AppleS464bit,340mAh,ElectronicSIMcard(Applee-SIM),"Wifi,Bluetoothv5.0,GPS",,https://24hstore.vn/apple-watch-series-4/apple-watch-series-4-lte-mat-thep-day-thep-milanes-p3387,APPLE WATCH,24H STORE
"Apple Watch SE - 40mm - GPS - mặt nhôm, dây...",6.390.000 VNĐ,,,,,,,https://24hstore.vn/apple-watch-se-cu/apple-watch-se-40mm-gps-cu-p5744,APPLE WATCH,24H STORE
Apple Watch Series 4 GPS - mặt nhôm - dây...,5.490.000 VNĐ,AMOLED,AppleS464bit,340mAh,ElectronicSIMcard(Applee-SIM),"Wifi,Bluetoothv5.0,GPS",,https://24hstore.vn/apple-watch-series-4-cu/apple-watch-series-4-gps-mat-nhom-day-cao-su-40mm-cu-p3517,APPLE WATCH,24H STORE
Apple Watch Series 5 - 40mm - GPS - mặt...,5.990.000 VNĐ,LTPOOLED,AppleS564bit,18giờ,ElectronicSIMcard(Applee-SIM),"Wifi,Bluetooth,GPS",,https://24hstore.vn/apple-watch-series-5-cu/apple-watch-series-5-40mm-gps-mat-nhom-day-cao-su-cu-p5158,APPLE WATCH,24H STORE
Apple Watch Series 4 LTE - mặt nhôm - dây...,5.990.000 VNĐ,AMOLED,AppleS464bit,340mAh,ElectronicSIMcard(Applee-SIM),"Wifi,Bluetoothv5.0,GPS",,https://24hstore.vn/apple-watch-series-4-cu/apple-watch-series-4-lte-mat-nhom-day-cao-su-44mm-cu-p3525,APPLE WATCH,24H STORE
Apple Watch Series 4 GPS - mặt nhôm - dây...,5.790.000 VNĐ,AMOLED,AppleS464bit,340mAh,ElectronicSIMcard(Applee-SIM),"Wifi,Bluetoothv5.0,GPS",,https://24hstore.vn/apple-watch-series-4-cu/apple-watch-series-4-gps-mat-nhom-day-cao-su-44mm-cu-p3524,APPLE WATCH,24H STORE
Apple Watch Series 3 - 42mm - GPS - mặt...,5.090.000 VNĐ,,,,,,,https://24hstore.vn/apple-watch-series-3/apple-watch-series-3-gps-mat-nhom-day-cao-su-p3319,APPLE WATCH,24H STORE
Apple Watch Series 4 LTE - mặt nhôm - dây...,5.590.000 VNĐ,AMOLED,AppleS464bit,340mAh,ElectronicSIMcard(Applee-SIM),"Wifi,Bluetoothv5.0,GPS",,https://24hstore.vn/apple-watch-series-4-cu/apple-watch-series-4-lte-mat-nhom-day-cao-su-40mm-cu-p3518,APPLE WATCH,24H STORE
Apple Watch Series 3 - 38mm - GPS - mặt...,4.390.000 VNĐ,,,,,,,https://24hstore.vn/apple-watch-series-3/apple-watch-series-3-38mm-gps-mat-nhom-day-cao-su-p5738,APPLE WATCH,24H STORE
"Apple Watch Series 3 LTE - 38mm - mặt nhôm,...",4.890.000 VNĐ,,,,,,,https://24hstore.vn/apple-watch-series-3/apple-watch-series-3-38-mm-lte-mat-nhom-day-cao-su-p3320,APPLE WATCH,24H STORE
Apple Watch Series 3 - 38mm - LTE - Mặt...,3.690.000 VNĐ,"OLED,Ion-Xstrengthenedglass",AppleS32nhân,279mAh,ElectronicSIMcard(Applee-SIM),Bluetooth/Hỗtrợ/eSimWifi,,https://24hstore.vn/apple-watch-series-3-cu/apple-watch-series-3-38mm-lte-mat-nhom-day-cao-su-p5824,APPLE WATCH,24H STORE
Apple Watch Series 3 LTE - mặt nhôm - 42mm -...,4.190.000 VNĐ,AMOLED,S3vớibộxửlýlõikép-ChipkhôngdâyAppleW2,,ElectronicSIMcard(Applee-SIM),"Wi-Fi(802.11b/g/n2.4GHz),Bluetooth4.2",,https://24hstore.vn/apple-watch-series-3-cu/apple-watch-series-3-lte-mat-nhom-99-p3334,APPLE WATCH,24H STORE
Apple Watch Series 3 - 42mm - GPS - mặt nhôm...,4.090.000 VNĐ,AMOLED,S3vớibộxửlýlõikép-ChipkhôngdâyAppleW2,,ElectronicSIMcard(Applee-SIM),"Wi-Fi(802.11b/g/n2.4GHz),Bluetooth4.2",,https://24hstore.vn/apple-watch-series-3-cu/apple-watch-series-3-gps-mat-nhom-99-p3333,APPLE WATCH,24H STORE
Apple Watch Series 3 - 38mm - GPS - mặt nhôm...,3.590.000 VNĐ,,,,,,,https://24hstore.vn/apple-watch-series-3-cu/apple-watch-series-3-38mm-gps-mat-nhom-99-p5739,APPLE WATCH,24H STORE
Apple Watch Series 3 LTE - mặt nhôm - 38mm -...,Liên hệ,AMOLED,S3vớibộxửlýlõikép-ChipkhôngdâyAppleW2,,ElectronicSIMcard(Applee-SIM),"Wi-Fi(802.11b/g/n2.4GHz),Bluetooth4.2",,https://24hstore.vn/apple-watch-series-3-cu/apple-watch-series-3-lte-mat-nhom-day-38mm-cu-p3432,APPLE WATCH,24H STORE
"Apple Watch Series 4 LTE - mặt thép, dây...",Liên hệ,AMOLED,AppleS464bit,340mAh,ElectronicSIMcard(Applee-SIM),"Wifi,Bluetoothv5.0,GPS",,https://24hstore.vn/apple-watch-series-4/apple-watch-series-4-lte-mat-thep-day-thep-milanes-p3387,APPLE WATCH,24H STORE
"Apple Watch SE - 40mm - GPS - mặt nhôm, dây...",6.390.000 VNĐ,,,,,,,https://24hstore.vn/apple-watch-se-cu/apple-watch-se-40mm-gps-cu-p5744,APPLE WATCH,24H STORE
Apple Watch Series 4 GPS - mặt nhôm - dây...,5.490.000 VNĐ,AMOLED,AppleS464bit,340mAh,ElectronicSIMcard(Applee-SIM),"Wifi,Bluetoothv5.0,GPS",,https://24hstore.vn/apple-watch-series-4-cu/apple-watch-series-4-gps-mat-nhom-day-cao-su-40mm-cu-p3517,APPLE WATCH,24H STORE
Apple Watch Series 5 - 40mm - GPS - mặt...,5.990.000 VNĐ,LTPOOLED,AppleS564bit,18giờ,ElectronicSIMcard(Applee-SIM),"Wifi,Bluetooth,GPS",,https://24hstore.vn/apple-watch-series-5-cu/apple-watch-series-5-40mm-gps-mat-nhom-day-cao-su-cu-p5158,APPLE WATCH,24H STORE
Apple Watch Series 4 LTE - mặt nhôm - dây...,5.990.000 VNĐ,AMOLED,AppleS464bit,340mAh,ElectronicSIMcard(Applee-SIM),"Wifi,Bluetoothv5.0,GPS",,https://24hstore.vn/apple-watch-series-4-cu/apple-watch-series-4-lte-mat-nhom-day-cao-su-44mm-cu-p3525,APPLE WATCH,24H STORE
Apple Watch Series 4 GPS - mặt nhôm - dây...,5.790.000 VNĐ,AMOLED,AppleS464bit,340mAh,ElectronicSIMcard(Applee-SIM),"Wifi,Bluetoothv5.0,GPS",,https://24hstore.vn/apple-watch-series-4-cu/apple-watch-series-4-gps-mat-nhom-day-cao-su-44mm-cu-p3524,APPLE WATCH,24H STORE
Apple Watch Series 3 - 42mm - GPS - mặt...,5.090.000 VNĐ,,,,,,,https://24hstore.vn/apple-watch-series-3/apple-watch-series-3-gps-mat-nhom-day-cao-su-p3319,APPLE WATCH,24H STORE
Apple Watch Series 4 LTE - mặt nhôm - dây...,5.590.000 VNĐ,AMOLED,AppleS464bit,340mAh,ElectronicSIMcard(Applee-SIM),"Wifi,Bluetoothv5.0,GPS",,https://24hstore.vn/apple-watch-series-4-cu/apple-watch-series-4-lte-mat-nhom-day-cao-su-40mm-cu-p3518,APPLE WATCH,24H STORE
Apple Watch Series 3 - 38mm - GPS - mặt...,4.390.000 VNĐ,,,,,,,https://24hstore.vn/apple-watch-series-3/apple-watch-series-3-38mm-gps-mat-nhom-day-cao-su-p5738,APPLE WATCH,24H STORE
"Apple Watch Series 3 LTE - 38mm - mặt nhôm,...",4.890.000 VNĐ,,,,,,,https://24hstore.vn/apple-watch-series-3/apple-watch-series-3-38-mm-lte-mat-nhom-day-cao-su-p3320,APPLE WATCH,24H STORE
Apple Watch Series 3 - 38mm - LTE - Mặt...,3.690.000 VNĐ,"OLED,Ion-Xstrengthenedglass",AppleS32nhân,279mAh,ElectronicSIMcard(Applee-SIM),Bluetooth/Hỗtrợ/eSimWifi,,https://24hstore.vn/apple-watch-series-3-cu/apple-watch-series-3-38mm-lte-mat-nhom-day-cao-su-p5824,APPLE WATCH,24H STORE
Apple Watch Series 3 LTE - mặt nhôm - 42mm -...,4.190.000 VNĐ,AMOLED,S3vớibộxửlýlõikép-ChipkhôngdâyAppleW2,,ElectronicSIMcard(Applee-SIM),"Wi-Fi(802.11b/g/n2.4GHz),Bluetooth4.2",,https://24hstore.vn/apple-watch-series-3-cu/apple-watch-series-3-lte-mat-nhom-99-p3334,APPLE WATCH,24H STORE
Apple Watch Series 3 - 42mm - GPS - mặt nhôm...,4.090.000 VNĐ,AMOLED,S3vớibộxửlýlõikép-ChipkhôngdâyAppleW2,,ElectronicSIMcard(Applee-SIM),"Wi-Fi(802.11b/g/n2.4GHz),Bluetooth4.2",,https://24hstore.vn/apple-watch-series-3-cu/apple-watch-series-3-gps-mat-nhom-99-p3333,APPLE WATCH,24H STORE
Apple Watch Series 3 - 38mm - GPS - mặt nhôm...,3.590.000 VNĐ,,,,,,,https://24hstore.vn/apple-watch-series-3-cu/apple-watch-series-3-38mm-gps-mat-nhom-99-p5739,APPLE WATCH,24H STORE
Apple Watch Series 3 LTE - mặt nhôm - 38mm -...,Liên hệ,AMOLED,S3vớibộxửlýlõikép-ChipkhôngdâyAppleW2,,ElectronicSIMcard(Applee-SIM),"Wi-Fi(802.11b/g/n2.4GHz),Bluetooth4.2",,https://24hstore.vn/apple-watch-series-3-cu/apple-watch-series-3-lte-mat-nhom-day-38mm-cu-p3432,APPLE WATCH,24H STORE
"Apple Watch Series 4 LTE - mặt thép, dây...",Liên hệ,AMOLED,AppleS464bit,340mAh,ElectronicSIMcard(Applee-SIM),"Wifi,Bluetoothv5.0,GPS",,https://24hstore.vn/apple-watch-series-4/apple-watch-series-4-lte-mat-thep-day-thep-milanes-p3387,APPLE WATCH,24H STORE
"Apple Watch SE - 40mm - GPS - mặt nhôm, dây...",6.390.000 VNĐ,,,,,,,https://24hstore.vn/apple-watch-se-cu/apple-watch-se-40mm-gps-cu-p5744,APPLE WATCH,24H STORE
Apple Watch Series 4 GPS - mặt nhôm - dây...,5.490.000 VNĐ,AMOLED,AppleS464bit,340mAh,ElectronicSIMcard(Applee-SIM),"Wifi,Bluetoothv5.0,GPS",,https://24hstore.vn/apple-watch-series-4-cu/apple-watch-series-4-gps-mat-nhom-day-cao-su-40mm-cu-p3517,APPLE WATCH,24H STORE
Apple Watch Series 5 - 40mm - GPS - mặt...,5.990.000 VNĐ,LTPOOLED,AppleS564bit,18giờ,ElectronicSIMcard(Applee-SIM),"Wifi,Bluetooth,GPS",,https://24hstore.vn/apple-watch-series-5-cu/apple-watch-series-5-40mm-gps-mat-nhom-day-cao-su-cu-p5158,APPLE WATCH,24H STORE
Apple Watch Series 4 LTE - mặt nhôm - dây...,5.990.000 VNĐ,AMOLED,AppleS464bit,340mAh,ElectronicSIMcard(Applee-SIM),"Wifi,Bluetoothv5.0,GPS",,https://24hstore.vn/apple-watch-series-4-cu/apple-watch-series-4-lte-mat-nhom-day-cao-su-44mm-cu-p3525,APPLE WATCH,24H STORE
Apple Watch Series 4 GPS - mặt nhôm - dây...,5.790.000 VNĐ,AMOLED,AppleS464bit,340mAh,ElectronicSIMcard(Applee-SIM),"Wifi,Bluetoothv5.0,GPS",,https://24hstore.vn/apple-watch-series-4-cu/apple-watch-series-4-gps-mat-nhom-day-cao-su-44mm-cu-p3524,APPLE WATCH,24H STORE
Apple Watch Series 3 - 42mm - GPS - mặt...,5.090.000 VNĐ,,,,,,,https://24hstore.vn/apple-watch-series-3/apple-watch-series-3-gps-mat-nhom-day-cao-su-p3319,APPLE WATCH,24H STORE
Apple Watch Series 4 LTE - mặt nhôm - dây...,5.590.000 VNĐ,AMOLED,AppleS464bit,340mAh,ElectronicSIMcard(Applee-SIM),"Wifi,Bluetoothv5.0,GPS",,https://24hstore.vn/apple-watch-series-4-cu/apple-watch-series-4-lte-mat-nhom-day-cao-su-40mm-cu-p3518,APPLE WATCH,24H STORE
Apple Watch Series 3 - 38mm - GPS - mặt...,4.390.000 VNĐ,,,,,,,https://24hstore.vn/apple-watch-series-3/apple-watch-series-3-38mm-gps-mat-nhom-day-cao-su-p5738,APPLE WATCH,24H STORE
"Apple Watch Series 3 LTE - 38mm - mặt nhôm,...",4.890.000 VNĐ,,,,,,,https://24hstore.vn/apple-watch-series-3/apple-watch-series-3-38-mm-lte-mat-nhom-day-cao-su-p3320,APPLE WATCH,24H STORE
Apple Watch Series 3 - 38mm - LTE - Mặt...,3.690.000 VNĐ,"OLED,Ion-Xstrengthenedglass",AppleS32nhân,279mAh,ElectronicSIMcard(Applee-SIM),Bluetooth/Hỗtrợ/eSimWifi,,https://24hstore.vn/apple-watch-series-3-cu/apple-watch-series-3-38mm-lte-mat-nhom-day-cao-su-p5824,APPLE WATCH,24H STORE
Apple Watch Series 3 LTE - mặt nhôm - 42mm -...,4.190.000 VNĐ,AMOLED,S3vớibộxửlýlõikép-ChipkhôngdâyAppleW2,,ElectronicSIMcard(Applee-SIM),"Wi-Fi(802.11b/g/n2.4GHz),Bluetooth4.2",,https://24hstore.vn/apple-watch-series-3-cu/apple-watch-series-3-lte-mat-nhom-99-p3334,APPLE WATCH,24H STORE
Apple Watch Series 3 - 42mm - GPS - mặt nhôm...,4.090.000 VNĐ,AMOLED,S3vớibộxửlýlõikép-ChipkhôngdâyAppleW2,,ElectronicSIMcard(Applee-SIM),"Wi-Fi(802.11b/g/n2.4GHz),Bluetooth4.2",,https://24hstore.vn/apple-watch-series-3-cu/apple-watch-series-3-gps-mat-nhom-99-p3333,APPLE WATCH,24H STORE
Apple Watch Series 3 - 38mm - GPS - mặt nhôm...,3.590.000 VNĐ,,,,,,,https://24hstore.vn/apple-watch-series-3-cu/apple-watch-series-3-38mm-gps-mat-nhom-99-p5739,APPLE WATCH,24H STORE
Apple Watch Series 3 LTE - mặt nhôm - 38mm -...,Liên hệ,AMOLED,S3vớibộxửlýlõikép-ChipkhôngdâyAppleW2,,ElectronicSIMcard(Applee-SIM),"Wi-Fi(802.11b/g/n2.4GHz),Bluetooth4.2",,https://24hstore.vn/apple-watch-series-3-cu/apple-watch-series-3-lte-mat-nhom-day-38mm-cu-p3432,APPLE WATCH,24H STORE
"Apple Watch Series 4 LTE - mặt thép, dây...",Liên hệ,AMOLED,AppleS464bit,340mAh,ElectronicSIMcard(Applee-SIM),"Wifi,Bluetoothv5.0,GPS",,https://24hstore.vn/apple-watch-series-4/apple-watch-series-4-lte-mat-thep-day-thep-milanes-p3387,APPLE WATCH,24H STORE
"Apple Watch SE - 40mm - GPS - mặt nhôm, dây...",6.390.000 VNĐ,,,,,,,https://24hstore.vn/apple-watch-se-cu/apple-watch-se-40mm-gps-cu-p5744,APPLE WATCH,24H STORE
Apple Watch Series 4 GPS - mặt nhôm - dây...,5.490.000 VNĐ,AMOLED,AppleS464bit,340mAh,ElectronicSIMcard(Applee-SIM),"Wifi,Bluetoothv5.0,GPS",,https://24hstore.vn/apple-watch-series-4-cu/apple-watch-series-4-gps-mat-nhom-day-cao-su-40mm-cu-p3517,APPLE WATCH,24H STORE
Apple Watch Series 5 - 40mm - GPS - mặt...,5.990.000 VNĐ,LTPOOLED,AppleS564bit,18giờ,ElectronicSIMcard(Applee-SIM),"Wifi,Bluetooth,GPS",,https://24hstore.vn/apple-watch-series-5-cu/apple-watch-series-5-40mm-gps-mat-nhom-day-cao-su-cu-p5158,APPLE WATCH,24H STORE
Apple Watch Series 4 LTE - mặt nhôm - dây...,5.990.000 VNĐ,AMOLED,AppleS464bit,340mAh,ElectronicSIMcard(Applee-SIM),"Wifi,Bluetoothv5.0,GPS",,https://24hstore.vn/apple-watch-series-4-cu/apple-watch-series-4-lte-mat-nhom-day-cao-su-44mm-cu-p3525,APPLE WATCH,24H STORE
Apple Watch Series 4 GPS - mặt nhôm - dây...,5.790.000 VNĐ,AMOLED,AppleS464bit,340mAh,ElectronicSIMcard(Applee-SIM),"Wifi,Bluetoothv5.0,GPS",,https://24hstore.vn/apple-watch-series-4-cu/apple-watch-series-4-gps-mat-nhom-day-cao-su-44mm-cu-p3524,APPLE WATCH,24H STORE
Apple Watch Series 3 - 42mm - GPS - mặt...,5.090.000 VNĐ,,,,,,,https://24hstore.vn/apple-watch-series-3/apple-watch-series-3-gps-mat-nhom-day-cao-su-p3319,APPLE WATCH,24H STORE
Apple Watch Series 4 LTE - mặt nhôm - dây...,5.590.000 VNĐ,AMOLED,AppleS464bit,340mAh,ElectronicSIMcard(Applee-SIM),"Wifi,Bluetoothv5.0,GPS",,https://24hstore.vn/apple-watch-series-4-cu/apple-watch-series-4-lte-mat-nhom-day-cao-su-40mm-cu-p3518,APPLE WATCH,24H STORE
Apple Watch Series 3 - 38mm - GPS - mặt...,4.390.000 VNĐ,,,,,,,https://24hstore.vn/apple-watch-series-3/apple-watch-series-3-38mm-gps-mat-nhom-day-cao-su-p5738,APPLE WATCH,24H STORE
"Apple Watch Series 3 LTE - 38mm - mặt nhôm,...",4.890.000 VNĐ,,,,,,,https://24hstore.vn/apple-watch-series-3/apple-watch-series-3-38-mm-lte-mat-nhom-day-cao-su-p3320,APPLE WATCH,24H STORE
Apple Watch Series 3 - 38mm - LTE - Mặt...,3.690.000 VNĐ,"OLED,Ion-Xstrengthenedglass",AppleS32nhân,279mAh,ElectronicSIMcard(Applee-SIM),Bluetooth/Hỗtrợ/eSimWifi,,https://24hstore.vn/apple-watch-series-3-cu/apple-watch-series-3-38mm-lte-mat-nhom-day-cao-su-p5824,APPLE WATCH,24H STORE
Apple Watch Series 3 LTE - mặt nhôm - 42mm -...,4.190.000 VNĐ,AMOLED,S3vớibộxửlýlõikép-ChipkhôngdâyAppleW2,,ElectronicSIMcard(Applee-SIM),"Wi-Fi(802.11b/g/n2.4GHz),Bluetooth4.2",,https://24hstore.vn/apple-watch-series-3-cu/apple-watch-series-3-lte-mat-nhom-99-p3334,APPLE WATCH,24H STORE
Apple Watch Series 3 - 42mm - GPS - mặt nhôm...,4.090.000 VNĐ,AMOLED,S3vớibộxửlýlõikép-ChipkhôngdâyAppleW2,,ElectronicSIMcard(Applee-SIM),"Wi-Fi(802.11b/g/n2.4GHz),Bluetooth4.2",,https://24hstore.vn/apple-watch-series-3-cu/apple-watch-series-3-gps-mat-nhom-99-p3333,APPLE WATCH,24H STORE
Apple Watch Series 3 - 38mm - GPS - mặt nhôm...,3.590.000 VNĐ,,,,,,,https://24hstore.vn/apple-watch-series-3-cu/apple-watch-series-3-38mm-gps-mat-nhom-99-p5739,APPLE WATCH,24H STORE
Apple Watch Series 3 LTE - mặt nhôm - 38mm -...,Liên hệ,AMOLED,S3vớibộxửlýlõikép-ChipkhôngdâyAppleW2,,ElectronicSIMcard(Applee-SIM),"Wi-Fi(802.11b/g/n2.4GHz),Bluetooth4.2",,https://24hstore.vn/apple-watch-series-3-cu/apple-watch-series-3-lte-mat-nhom-day-38mm-cu-p3432,APPLE WATCH,24H STORE
"Apple Watch Series 4 LTE - mặt thép, dây...",Liên hệ,AMOLED,AppleS464bit,340mAh,ElectronicSIMcard(Applee-SIM),"Wifi,Bluetoothv5.0,GPS",,https://24hstore.vn/apple-watch-series-4/apple-watch-series-4-lte-mat-thep-day-thep-milanes-p3387,APPLE WATCH,24H STORE
