Tên sản phẩm,Giá sản phẩm,Link,Bộ nhớ trong,Camera chính,Camera phụ,CPU,Độ phân giải màn hình,Pin,Kích thước màn hình,Bluetooth,Ram,Loại sản phẩm,Cửa hàng
Apple iPhone 12 Mini Tím VN/A Fullbox,"17,990,000 VNĐ",https://hcm.clickbuy.com.vn/apple-iphone-12-mini-tim-vn-a-fullbox/,"128GB, 256 GB, 64 GB","12 MP, f/1.6, 26mm (wide), 1.4µm, dual pixel PDAF, OIS 12 MP, f/2.4, 120˚, 13mm (ultrawide), 1/3.6""","12 MP, f/2.2, 23mm (wide), 1/3.6"" SL 3D",A14 Bionic chip,1170 x 2532,,6.1 inches,,,IPHONE,CLICK_BUY
Apple iPhone 12 Tím VN/A Fullbox,"22,490,000 VNĐ",https://hcm.clickbuy.com.vn/apple-iphone-12-64gb-vn-a-fullbox/,"128GB, 256 GB, 64 GB","12 MP, f/1.6, 26mm (wide), 1.4µm, dual pixel PDAF, OIS 12 MP, f/2.4, 120˚, 13mm (ultrawide), 1/3.6""","12 MP, f/2.2, 23mm (wide), 1/3.6"" SL 3D",A14 Bionic chip,1170 x 2532,,6.1 inches,,,IPHONE,CLICK_BUY
Apple iPhone 12 64GB Quốc Tế Mới Trần,"19,990,000 VNĐ",https://hcm.clickbuy.com.vn/apple-iphone-12-64gb-quoc-te-moi-tran/,64 GB,"12 MP, f/1.6, 26mm (wide), 1.4µm, dual pixel PDAF, OIS 12 MP, f/2.4, 120˚, 13mm (ultrawide), 1/3.6""","12 MP, f/2.2, 23mm (wide), 1/3.6"" SL 3D",A14 Bionic chip,1170 x 2532,,6.1 inches,,,IPHONE,CLICK_BUY
Apple iPhone 12 64GB Quốc Tế 2Sim Fullbox ZA,"21,190,000 VNĐ",https://hcm.clickbuy.com.vn/apple-iphone-12-64gb-quoc-te-2sim-fullbox-za/,64 GB,"12 MP, f/1.6, 26mm (wide), 1.4µm, dual pixel PDAF, OIS 12 MP, f/2.4, 120˚, 13mm (ultrawide), 1/3.6""","12 MP, f/2.2, 23mm (wide), 1/3.6"" SL 3D",A14 Bionic chip,1170 x 2532,,6.1 inches,,,IPHONE,CLICK_BUY
Apple iPhone 12 64GB Quốc Tế Fullbox LL/A,"19,990,000 VNĐ",https://hcm.clickbuy.com.vn/apple-iphone-12-64gb-quoc-te-fullbox-ll-a/,64 GB,"12 MP, f/1.6, 26mm (wide), 1.4µm, dual pixel PDAF, OIS 12 MP, f/2.4, 120˚, 13mm (ultrawide), 1/3.6""","12 MP, f/2.2, 23mm (wide), 1/3.6"" SL 3D",A14 Bionic chip,1170 x 2532,,6.1 inches,,,IPHONE,CLICK_BUY
Apple iPhone 12 64GB Chính Hãng VN/A Fullbox,"20,190,000 VNĐ",https://hcm.clickbuy.com.vn/apple-iphone-12-64gb-chinh-hang-vn-a-fullbox/,64 GB,"12 MP, f/1.6, 26mm (wide), 1.4µm, dual pixel PDAF, OIS 12 MP, f/2.4, 120˚, 13mm (ultrawide), 1/3.6""","12 MP, f/2.2, 23mm (wide), 1/3.6"" SL 3D",A14 Bionic chip,1170 x 2532,,6.1 inches,,,IPHONE,CLICK_BUY
Apple iPhone 12 Lock 64GB Mới FullBox,"16,890,000 VNĐ",https://hcm.clickbuy.com.vn/apple-iphone-12-lock-64gb-moi-fullbox/,64 GB,"12 MP, f/1.6, 26mm (wide), 1.4µm, dual pixel PDAF, OIS 12 MP, f/2.4, 120˚, 13mm (ultrawide), 1/3.6""","12 MP, f/2.2, 23mm (wide), 1/3.6"" SL 3D",A14 Bionic chip,1170 x 2532,,6.1 inches,,,IPHONE,CLICK_BUY
Apple iPhone 12 128GB Quốc tế Mới Trần,"19,790,000 VNĐ",https://hcm.clickbuy.com.vn/apple-iphone-12-128gb-quoc-te-moi-tran/,64 GB,"12 MP, f/1.6, 26mm (wide), 1.4µm, dual pixel PDAF, OIS 12 MP, f/2.4, 120˚, 13mm (ultrawide), 1/3.6""","12 MP, f/2.2, 23mm (wide), 1/3.6"" SL 3D",A14 Bionic chip,1170 x 2532,,6.1 inches,,,IPHONE,CLICK_BUY
Apple iPhone 12 128GB Quốc Tế Fullbox LL/A,"21,590,000 VNĐ",https://hcm.clickbuy.com.vn/apple-iphone-12-128gb-quoc-te-fullbox-ll-a/,64 GB,"12 MP, f/1.6, 26mm (wide), 1.4µm, dual pixel PDAF, OIS 12 MP, f/2.4, 120˚, 13mm (ultrawide), 1/3.6""","12 MP, f/2.2, 23mm (wide), 1/3.6"" SL 3D",A14 Bionic chip,1170 x 2532,,6.1 inches,,,IPHONE,CLICK_BUY
Apple iPhone 12 128GB Chính Hãng VN/A,"21,090,000 VNĐ",https://hcm.clickbuy.com.vn/apple-iphone-12-128gb-chinh-hang-vn-a/,64 GB,"12 MP, f/1.6, 26mm (wide), 1.4µm, dual pixel PDAF, OIS 12 MP, f/2.4, 120˚, 13mm (ultrawide), 1/3.6""","12 MP, f/2.2, 23mm (wide), 1/3.6"" SL 3D",A14 Bionic chip,1170 x 2532,,6.1 inches,,,IPHONE,CLICK_BUY
Apple iPhone 12 128GB Quốc Tế Fullbox Đã Active,"20,990,000 VNĐ",https://hcm.clickbuy.com.vn/apple-iphone-12-128gb-quoc-te-fullbox-da-active/,128 GB,"12 MP, f/1.6, 26mm (wide), 1.4µm, dual pixel PDAF, OIS 12 MP, f/2.4, 120˚, 13mm (ultrawide), 1/3.6""","12 MP, f/2.2, 23mm (wide), 1/3.6"" SL 3D",A14 Bionic chip,1170 x 2532,,6.1 inches,,,IPHONE,CLICK_BUY
Apple iPhone 12 128GB Quốc Tế 2Sim Fullbox ZA,"22,390,000 VNĐ",https://hcm.clickbuy.com.vn/apple-iphone-12-128gb-quoc-te-2sim-fullbox-za/,128 GB,"12 MP, f/1.6, 26mm (wide), 1.4µm, dual pixel PDAF, OIS 12 MP, f/2.4, 120˚, 13mm (ultrawide), 1/3.6""","12 MP, f/2.2, 23mm (wide), 1/3.6"" SL 3D",A14 Bionic chip,1170 x 2532,,6.1 inches,,,IPHONE,CLICK_BUY
Apple iPhone 12 Lock 128GB Mới FullBox,"17,990,000 VNĐ",https://hcm.clickbuy.com.vn/apple-iphone-12-lock-128gb-moi-fullbox/,64 GB,"12 MP, f/1.6, 26mm (wide), 1.4µm, dual pixel PDAF, OIS 12 MP, f/2.4, 120˚, 13mm (ultrawide), 1/3.6""","12 MP, f/2.2, 23mm (wide), 1/3.6"" SL 3D",A14 Bionic chip,1170 x 2532,,6.1 inches,,,IPHONE,CLICK_BUY
Apple iPhone 12 Pro Max 128GB Quốc Tế Mới Trần,"26,590,000 VNĐ",https://hcm.clickbuy.com.vn/apple-iphone-12-pro-max-128gb-quoc-te-moi-tran/,128 GB,Triple 12MP + 12MP + 12MP,"12 MP, f/2.2, 23mm (wide), 1/3.6"" SL 3D",A14 Bionic chip,1284 x 2778,,6.7 inch,,,IPHONE,CLICK_BUY
Apple iPhone 12 Pro Max Lock 128GB Mới,"24,590,000 VNĐ",https://hcm.clickbuy.com.vn/apple-iphone-12-pro-max-lock-128gb-moi/,128 GB,Triple 12MP + 12MP + 12MP,"12 MP, f/2.2, 23mm (wide), 1/3.6"" SL 3D",A14 Bionic chip,1284 x 2778,,6.7 inch,,,IPHONE,CLICK_BUY
Apple iPhone 12 Pro Max 128GB Chính Hãng VN/A Fullbox,"29,290,000 VNĐ",https://hcm.clickbuy.com.vn/apple-iphone-12-pro-max-128gb-chinh-hang-vn-a-fullbox/,128 GB,Triple 12MP + 12MP + 12MP,"12 MP, f/2.2, 23mm (wide), 1/3.6"" SL 3D",A14 Bionic chip,1284 x 2778,,6.7 inch,,,IPHONE,CLICK_BUY
Apple iPhone 12 Pro Max 128GB Quốc Tế Fullbox,"25,990,000 VNĐ",https://hcm.clickbuy.com.vn/apple-iphone-12-pro-max-128gb-quoc-te-fullbox/,128 GB,Triple 12MP + 12MP + 12MP,"12 MP, f/2.2, 23mm (wide), 1/3.6"" SL 3D",A14 Bionic chip,1284 x 2778,,6.7 inch,,,IPHONE,CLICK_BUY
Apple iPhone 12 Pro Max 128GB Quốc Tế Fullbox ZA,"28,690,000 VNĐ",https://hcm.clickbuy.com.vn/apple-iphone-12-pro-max-128gb-quoc-te-fullbox-za/,128 GB,Triple 12MP + 12MP + 12MP,"12 MP, f/2.2, 23mm (wide), 1/3.6"" SL 3D",A14 Bionic chip,1284 x 2778,,6.7 inch,,,IPHONE,CLICK_BUY
Apple iPhone Xs 64GB Likenew,"9,190,000 VNĐ",https://hcm.clickbuy.com.vn/apple-iphone-xs-64gb-likenw/,64 GB,12 MP,7.0 MP,Apple A12 Bionic 6 nhân,1125 x 2436 pixels,Li-Ion 2658 mAh,5.8 inches,,4 GB,IPHONE,CLICK_BUY
Apple iPhone Xs 64GB Mới Trần,"11,190,000 VNĐ",https://hcm.clickbuy.com.vn/apple-iphone-xs-64gb-moi-tran/,64 GB,12 MP,7.0 MP,Apple A12 Bionic 6 nhân,1125 x 2436 pixels,Li-Ion 2658 mAh,5.8 inches,,4 GB,IPHONE,CLICK_BUY
Apple iPhone Xs 64GB Mới Trần VN/A,"11,690,000 VNĐ",https://hcm.clickbuy.com.vn/apple-iphone-xs-64gb-moi-tran-vn-a/,64 GB,12 MP,7.0 MP,Apple A12 Bionic 6 nhân,1125 x 2436 pixels,Li-Ion 2658 mAh,5.8 inches,,4 GB,IPHONE,CLICK_BUY
Apple iPhone Xs Lock 64GB Likenew,"8,990,000 VNĐ",https://hcm.clickbuy.com.vn/apple-iphone-xs-lock-64gb-likenew/,64 GB,12 MP,7.0 MP,Apple A12 Bionic 6 nhân,1125 x 2436 pixels,Li-Ion 2658 mAh,5.8 inches,,4 GB,IPHONE,CLICK_BUY
Apple iPhone Xs 256GB Likenew,"10,490,000 VNĐ",https://hcm.clickbuy.com.vn/apple-iphone-xs-256gb-likenew/,256 GB,12 MP,7.0 MP,Apple A12 Bionic 6 nhân,1125 x 2436 pixels,Li-Ion 2658 mAh,5.8 inches,,4 GB,IPHONE,CLICK_BUY
Apple iPhone Xs 256GB Mới Trần VN/A,"12,990,000 VNĐ",https://hcm.clickbuy.com.vn/apple-iphone-xs-256gb-moi-tran-vn-a/,256 GB,12 MP,7.0 MP,Apple A12 Bionic 6 nhân,1125 x 2436 pixels,Li-Ion 2658 mAh,5.8 inches,,4 GB,IPHONE,CLICK_BUY
Apple iPhone Xs 256GB Fullbox VN/A,"13,690,000 VNĐ",https://hcm.clickbuy.com.vn/apple-iphone-xs-256gb-fullbox-vn-a/,256 GB,12 MP,7.0 MP,Apple A12 Bionic 6 nhân,1125 x 2436 pixels,Li-Ion 2658 mAh,5.8 inches,,4 GB,IPHONE,CLICK_BUY
Apple iPhone Xs 512GB Likenew,"10,590,000 VNĐ",https://hcm.clickbuy.com.vn/apple-iphone-xs-512gb-likenew/,256 GB,12 MP,7.0 MP,Apple A12 Bionic 6 nhân,1125 x 2436 pixels,Li-Ion 2658 mAh,5.8 inches,,4 GB,IPHONE,CLICK_BUY
Apple iPhone Xs 512GB Mới Trần VN/A,"12,990,000 VNĐ",https://hcm.clickbuy.com.vn/apple-iphone-xs-512gb-moi-tran-vn-a/,256 GB,12 MP,7.0 MP,Apple A12 Bionic 6 nhân,1125 x 2436 pixels,Li-Ion 2658 mAh,5.8 inches,,4 GB,IPHONE,CLICK_BUY
Apple iPhone XS Max 64GB Likenew,"11,790,000 VNĐ",https://hcm.clickbuy.com.vn/apple-iphone-xs-max-64gb-likenew/,64 GB,12 MP,7.0 MP,Apple A12 Bionic 6 nhân,1242 x 2688 Pixels,Li-Ion 3174 mAh,"6.5""",,4 GB,IPHONE,CLICK_BUY
Apple iPhone XS Max 64GB Mới trần,"12,990,000 VNĐ",https://hcm.clickbuy.com.vn/apple-iphone-xs-max-64gb-moi-tran/,64 GB,12 MP,7.0 MP,Apple A12 Bionic 6 nhân,1242 x 2688 Pixels,Li-Ion 3174 mAh,"6.5""",,4 GB,IPHONE,CLICK_BUY
Apple iPhone XS Max 64GB Gold (VN/A) Mới Fullbox,"17,990,000 VNĐ",https://hcm.clickbuy.com.vn/apple-iphone-xs-max-64gb-gold-vn-a-moi-fullbox/,64 GB,12 MP,7.0 MP,Apple A12 Bionic 6 nhân,1242 x 2688 Pixels,Li-Ion 3174 mAh,"6.5""",,4 GB,IPHONE,CLICK_BUY
Apple iPhone 12 Pro Max 128GB Chính Hãng VN/A Fullbox,"29,290,000 VNĐ",https://hcm.clickbuy.com.vn/apple-iphone-12-pro-max-128gb-chinh-hang-vn-a-fullbox/,128 GB,Triple 12MP + 12MP + 12MP,"12 MP, f/2.2, 23mm (wide), 1/3.6"" SL 3D",A14 Bionic chip,1284 x 2778,,6.7 inch,,,IPHONE,CLICK_BUY
Apple iPhone 12 Pro Max 128GB Quốc Tế Fullbox,"25,990,000 VNĐ",https://hcm.clickbuy.com.vn/apple-iphone-12-pro-max-128gb-quoc-te-fullbox/,128 GB,Triple 12MP + 12MP + 12MP,"12 MP, f/2.2, 23mm (wide), 1/3.6"" SL 3D",A14 Bionic chip,1284 x 2778,,6.7 inch,,,IPHONE,CLICK_BUY
Apple iPhone 12 Pro Max 128GB Quốc Tế Fullbox ZA,"28,690,000 VNĐ",https://hcm.clickbuy.com.vn/apple-iphone-12-pro-max-128gb-quoc-te-fullbox-za/,128 GB,Triple 12MP + 12MP + 12MP,"12 MP, f/2.2, 23mm (wide), 1/3.6"" SL 3D",A14 Bionic chip,1284 x 2778,,6.7 inch,,,IPHONE,CLICK_BUY
Apple iPhone Xs 64GB Likenew,"9,190,000 VNĐ",https://hcm.clickbuy.com.vn/apple-iphone-xs-64gb-likenw/,64 GB,12 MP,7.0 MP,Apple A12 Bionic 6 nhân,1125 x 2436 pixels,Li-Ion 2658 mAh,5.8 inches,,4 GB,IPHONE,CLICK_BUY
Apple iPhone Xs 64GB Mới Trần,"11,190,000 VNĐ",https://hcm.clickbuy.com.vn/apple-iphone-xs-64gb-moi-tran/,64 GB,12 MP,7.0 MP,Apple A12 Bionic 6 nhân,1125 x 2436 pixels,Li-Ion 2658 mAh,5.8 inches,,4 GB,IPHONE,CLICK_BUY
Apple iPhone Xs 64GB Mới Trần VN/A,"11,690,000 VNĐ",https://hcm.clickbuy.com.vn/apple-iphone-xs-64gb-moi-tran-vn-a/,64 GB,12 MP,7.0 MP,Apple A12 Bionic 6 nhân,1125 x 2436 pixels,Li-Ion 2658 mAh,5.8 inches,,4 GB,IPHONE,CLICK_BUY
Apple iPhone Xs Lock 64GB Likenew,"8,990,000 VNĐ",https://hcm.clickbuy.com.vn/apple-iphone-xs-lock-64gb-likenew/,64 GB,12 MP,7.0 MP,Apple A12 Bionic 6 nhân,1125 x 2436 pixels,Li-Ion 2658 mAh,5.8 inches,,4 GB,IPHONE,CLICK_BUY
Apple iPhone Xs 256GB Likenew,"10,490,000 VNĐ",https://hcm.clickbuy.com.vn/apple-iphone-xs-256gb-likenew/,256 GB,12 MP,7.0 MP,Apple A12 Bionic 6 nhân,1125 x 2436 pixels,Li-Ion 2658 mAh,5.8 inches,,4 GB,IPHONE,CLICK_BUY
Apple iPhone Xs 256GB Mới Trần VN/A,"12,990,000 VNĐ",https://hcm.clickbuy.com.vn/apple-iphone-xs-256gb-moi-tran-vn-a/,256 GB,12 MP,7.0 MP,Apple A12 Bionic 6 nhân,1125 x 2436 pixels,Li-Ion 2658 mAh,5.8 inches,,4 GB,IPHONE,CLICK_BUY
Apple iPhone Xs 256GB Fullbox VN/A,"13,690,000 VNĐ",https://hcm.clickbuy.com.vn/apple-iphone-xs-256gb-fullbox-vn-a/,256 GB,12 MP,7.0 MP,Apple A12 Bionic 6 nhân,1125 x 2436 pixels,Li-Ion 2658 mAh,5.8 inches,,4 GB,IPHONE,CLICK_BUY
Apple iPhone Xs 512GB Likenew,"10,590,000 VNĐ",https://hcm.clickbuy.com.vn/apple-iphone-xs-512gb-likenew/,256 GB,12 MP,7.0 MP,Apple A12 Bionic 6 nhân,1125 x 2436 pixels,Li-Ion 2658 mAh,5.8 inches,,4 GB,IPHONE,CLICK_BUY
Apple iPhone Xs 512GB Mới Trần VN/A,"12,990,000 VNĐ",https://hcm.clickbuy.com.vn/apple-iphone-xs-512gb-moi-tran-vn-a/,256 GB,12 MP,7.0 MP,Apple A12 Bionic 6 nhân,1125 x 2436 pixels,Li-Ion 2658 mAh,5.8 inches,,4 GB,IPHONE,CLICK_BUY
Apple iPhone XS Max 64GB Likenew,"11,790,000 VNĐ",https://hcm.clickbuy.com.vn/apple-iphone-xs-max-64gb-likenew/,64 GB,12 MP,7.0 MP,Apple A12 Bionic 6 nhân,1242 x 2688 Pixels,Li-Ion 3174 mAh,"6.5""",,4 GB,IPHONE,CLICK_BUY
Apple iPhone XS Max 64GB Mới trần,"12,990,000 VNĐ",https://hcm.clickbuy.com.vn/apple-iphone-xs-max-64gb-moi-tran/,64 GB,12 MP,7.0 MP,Apple A12 Bionic 6 nhân,1242 x 2688 Pixels,Li-Ion 3174 mAh,"6.5""",,4 GB,IPHONE,CLICK_BUY
Apple iPhone XS Max 64GB Gold (VN/A) Mới Fullbox,"17,990,000 VNĐ",https://hcm.clickbuy.com.vn/apple-iphone-xs-max-64gb-gold-vn-a-moi-fullbox/,64 GB,12 MP,7.0 MP,Apple A12 Bionic 6 nhân,1242 x 2688 Pixels,Li-Ion 3174 mAh,"6.5""",,4 GB,IPHONE,CLICK_BUY
Apple iPhone 12 Pro Max 128GB Chính Hãng VN/A Fullbox,"29,290,000 VNĐ",https://hcm.clickbuy.com.vn/apple-iphone-12-pro-max-128gb-chinh-hang-vn-a-fullbox/,128 GB,Triple 12MP + 12MP + 12MP,"12 MP, f/2.2, 23mm (wide), 1/3.6"" SL 3D",A14 Bionic chip,1284 x 2778,,6.7 inch,,,IPHONE,CLICK_BUY
Apple iPhone 12 Pro Max 128GB Quốc Tế Fullbox,"25,990,000 VNĐ",https://hcm.clickbuy.com.vn/apple-iphone-12-pro-max-128gb-quoc-te-fullbox/,128 GB,Triple 12MP + 12MP + 12MP,"12 MP, f/2.2, 23mm (wide), 1/3.6"" SL 3D",A14 Bionic chip,1284 x 2778,,6.7 inch,,,IPHONE,CLICK_BUY
Apple iPhone 12 Pro Max 128GB Quốc Tế Fullbox ZA,"28,690,000 VNĐ",https://hcm.clickbuy.com.vn/apple-iphone-12-pro-max-128gb-quoc-te-fullbox-za/,128 GB,Triple 12MP + 12MP + 12MP,"12 MP, f/2.2, 23mm (wide), 1/3.6"" SL 3D",A14 Bionic chip,1284 x 2778,,6.7 inch,,,IPHONE,CLICK_BUY
Apple iPhone Xs 64GB Likenew,"9,190,000 VNĐ",https://hcm.clickbuy.com.vn/apple-iphone-xs-64gb-likenw/,64 GB,12 MP,7.0 MP,Apple A12 Bionic 6 nhân,1125 x 2436 pixels,Li-Ion 2658 mAh,5.8 inches,,4 GB,IPHONE,CLICK_BUY
Apple iPhone Xs 64GB Mới Trần,"11,190,000 VNĐ",https://hcm.clickbuy.com.vn/apple-iphone-xs-64gb-moi-tran/,64 GB,12 MP,7.0 MP,Apple A12 Bionic 6 nhân,1125 x 2436 pixels,Li-Ion 2658 mAh,5.8 inches,,4 GB,IPHONE,CLICK_BUY
Apple iPhone Xs 64GB Mới Trần VN/A,"11,690,000 VNĐ",https://hcm.clickbuy.com.vn/apple-iphone-xs-64gb-moi-tran-vn-a/,64 GB,12 MP,7.0 MP,Apple A12 Bionic 6 nhân,1125 x 2436 pixels,Li-Ion 2658 mAh,5.8 inches,,4 GB,IPHONE,CLICK_BUY
Apple iPhone Xs Lock 64GB Likenew,"8,990,000 VNĐ",https://hcm.clickbuy.com.vn/apple-iphone-xs-lock-64gb-likenew/,64 GB,12 MP,7.0 MP,Apple A12 Bionic 6 nhân,1125 x 2436 pixels,Li-Ion 2658 mAh,5.8 inches,,4 GB,IPHONE,CLICK_BUY
Apple iPhone Xs 256GB Likenew,"10,490,000 VNĐ",https://hcm.clickbuy.com.vn/apple-iphone-xs-256gb-likenew/,256 GB,12 MP,7.0 MP,Apple A12 Bionic 6 nhân,1125 x 2436 pixels,Li-Ion 2658 mAh,5.8 inches,,4 GB,IPHONE,CLICK_BUY
Apple iPhone Xs 256GB Mới Trần VN/A,"12,990,000 VNĐ",https://hcm.clickbuy.com.vn/apple-iphone-xs-256gb-moi-tran-vn-a/,256 GB,12 MP,7.0 MP,Apple A12 Bionic 6 nhân,1125 x 2436 pixels,Li-Ion 2658 mAh,5.8 inches,,4 GB,IPHONE,CLICK_BUY
Apple iPhone Xs 256GB Fullbox VN/A,"13,690,000 VNĐ",https://hcm.clickbuy.com.vn/apple-iphone-xs-256gb-fullbox-vn-a/,256 GB,12 MP,7.0 MP,Apple A12 Bionic 6 nhân,1125 x 2436 pixels,Li-Ion 2658 mAh,5.8 inches,,4 GB,IPHONE,CLICK_BUY
Apple iPhone Xs 512GB Likenew,"10,590,000 VNĐ",https://hcm.clickbuy.com.vn/apple-iphone-xs-512gb-likenew/,256 GB,12 MP,7.0 MP,Apple A12 Bionic 6 nhân,1125 x 2436 pixels,Li-Ion 2658 mAh,5.8 inches,,4 GB,IPHONE,CLICK_BUY
Apple iPhone Xs 512GB Mới Trần VN/A,"12,990,000 VNĐ",https://hcm.clickbuy.com.vn/apple-iphone-xs-512gb-moi-tran-vn-a/,256 GB,12 MP,7.0 MP,Apple A12 Bionic 6 nhân,1125 x 2436 pixels,Li-Ion 2658 mAh,5.8 inches,,4 GB,IPHONE,CLICK_BUY
Apple iPhone XS Max 64GB Likenew,"11,790,000 VNĐ",https://hcm.clickbuy.com.vn/apple-iphone-xs-max-64gb-likenew/,64 GB,12 MP,7.0 MP,Apple A12 Bionic 6 nhân,1242 x 2688 Pixels,Li-Ion 3174 mAh,"6.5""",,4 GB,IPHONE,CLICK_BUY
Apple iPhone XS Max 64GB Mới trần,"12,990,000 VNĐ",https://hcm.clickbuy.com.vn/apple-iphone-xs-max-64gb-moi-tran/,64 GB,12 MP,7.0 MP,Apple A12 Bionic 6 nhân,1242 x 2688 Pixels,Li-Ion 3174 mAh,"6.5""",,4 GB,IPHONE,CLICK_BUY
Apple iPhone XS Max 64GB Gold (VN/A) Mới Fullbox,"17,990,000 VNĐ",https://hcm.clickbuy.com.vn/apple-iphone-xs-max-64gb-gold-vn-a-moi-fullbox/,64 GB,12 MP,7.0 MP,Apple A12 Bionic 6 nhân,1242 x 2688 Pixels,Li-Ion 3174 mAh,"6.5""",,4 GB,IPHONE,CLICK_BUY
Apple iPhone 12 Pro Max 128GB Chính Hãng VN/A Fullbox,"29,290,000 VNĐ",https://hcm.clickbuy.com.vn/apple-iphone-12-pro-max-128gb-chinh-hang-vn-a-fullbox/,128 GB,Triple 12MP + 12MP + 12MP,"12 MP, f/2.2, 23mm (wide), 1/3.6"" SL 3D",A14 Bionic chip,1284 x 2778,,6.7 inch,,,IPHONE,CLICK_BUY
Apple iPhone 12 Pro Max 128GB Quốc Tế Fullbox,"25,990,000 VNĐ",https://hcm.clickbuy.com.vn/apple-iphone-12-pro-max-128gb-quoc-te-fullbox/,128 GB,Triple 12MP + 12MP + 12MP,"12 MP, f/2.2, 23mm (wide), 1/3.6"" SL 3D",A14 Bionic chip,1284 x 2778,,6.7 inch,,,IPHONE,CLICK_BUY
Apple iPhone 12 Pro Max 128GB Quốc Tế Fullbox ZA,"28,690,000 VNĐ",https://hcm.clickbuy.com.vn/apple-iphone-12-pro-max-128gb-quoc-te-fullbox-za/,128 GB,Triple 12MP + 12MP + 12MP,"12 MP, f/2.2, 23mm (wide), 1/3.6"" SL 3D",A14 Bionic chip,1284 x 2778,,6.7 inch,,,IPHONE,CLICK_BUY
Apple iPhone Xs 64GB Likenew,"9,190,000 VNĐ",https://hcm.clickbuy.com.vn/apple-iphone-xs-64gb-likenw/,64 GB,12 MP,7.0 MP,Apple A12 Bionic 6 nhân,1125 x 2436 pixels,Li-Ion 2658 mAh,5.8 inches,,4 GB,IPHONE,CLICK_BUY
Apple iPhone Xs 64GB Mới Trần,"11,190,000 VNĐ",https://hcm.clickbuy.com.vn/apple-iphone-xs-64gb-moi-tran/,64 GB,12 MP,7.0 MP,Apple A12 Bionic 6 nhân,1125 x 2436 pixels,Li-Ion 2658 mAh,5.8 inches,,4 GB,IPHONE,CLICK_BUY
Apple iPhone Xs 64GB Mới Trần VN/A,"11,690,000 VNĐ",https://hcm.clickbuy.com.vn/apple-iphone-xs-64gb-moi-tran-vn-a/,64 GB,12 MP,7.0 MP,Apple A12 Bionic 6 nhân,1125 x 2436 pixels,Li-Ion 2658 mAh,5.8 inches,,4 GB,IPHONE,CLICK_BUY
Apple iPhone Xs Lock 64GB Likenew,"8,990,000 VNĐ",https://hcm.clickbuy.com.vn/apple-iphone-xs-lock-64gb-likenew/,64 GB,12 MP,7.0 MP,Apple A12 Bionic 6 nhân,1125 x 2436 pixels,Li-Ion 2658 mAh,5.8 inches,,4 GB,IPHONE,CLICK_BUY
Apple iPhone Xs 256GB Likenew,"10,490,000 VNĐ",https://hcm.clickbuy.com.vn/apple-iphone-xs-256gb-likenew/,256 GB,12 MP,7.0 MP,Apple A12 Bionic 6 nhân,1125 x 2436 pixels,Li-Ion 2658 mAh,5.8 inches,,4 GB,IPHONE,CLICK_BUY
Apple iPhone Xs 256GB Mới Trần VN/A,"12,990,000 VNĐ",https://hcm.clickbuy.com.vn/apple-iphone-xs-256gb-moi-tran-vn-a/,256 GB,12 MP,7.0 MP,Apple A12 Bionic 6 nhân,1125 x 2436 pixels,Li-Ion 2658 mAh,5.8 inches,,4 GB,IPHONE,CLICK_BUY
Apple iPhone Xs 256GB Fullbox VN/A,"13,690,000 VNĐ",https://hcm.clickbuy.com.vn/apple-iphone-xs-256gb-fullbox-vn-a/,256 GB,12 MP,7.0 MP,Apple A12 Bionic 6 nhân,1125 x 2436 pixels,Li-Ion 2658 mAh,5.8 inches,,4 GB,IPHONE,CLICK_BUY
Apple iPhone Xs 512GB Likenew,"10,590,000 VNĐ",https://hcm.clickbuy.com.vn/apple-iphone-xs-512gb-likenew/,256 GB,12 MP,7.0 MP,Apple A12 Bionic 6 nhân,1125 x 2436 pixels,Li-Ion 2658 mAh,5.8 inches,,4 GB,IPHONE,CLICK_BUY
Apple iPhone Xs 512GB Mới Trần VN/A,"12,990,000 VNĐ",https://hcm.clickbuy.com.vn/apple-iphone-xs-512gb-moi-tran-vn-a/,256 GB,12 MP,7.0 MP,Apple A12 Bionic 6 nhân,1125 x 2436 pixels,Li-Ion 2658 mAh,5.8 inches,,4 GB,IPHONE,CLICK_BUY
Apple iPhone XS Max 64GB Likenew,"11,790,000 VNĐ",https://hcm.clickbuy.com.vn/apple-iphone-xs-max-64gb-likenew/,64 GB,12 MP,7.0 MP,Apple A12 Bionic 6 nhân,1242 x 2688 Pixels,Li-Ion 3174 mAh,"6.5""",,4 GB,IPHONE,CLICK_BUY
Apple iPhone XS Max 64GB Mới trần,"12,990,000 VNĐ",https://hcm.clickbuy.com.vn/apple-iphone-xs-max-64gb-moi-tran/,64 GB,12 MP,7.0 MP,Apple A12 Bionic 6 nhân,1242 x 2688 Pixels,Li-Ion 3174 mAh,"6.5""",,4 GB,IPHONE,CLICK_BUY
Apple iPhone XS Max 64GB Gold (VN/A) Mới Fullbox,"17,990,000 VNĐ",https://hcm.clickbuy.com.vn/apple-iphone-xs-max-64gb-gold-vn-a-moi-fullbox/,64 GB,12 MP,7.0 MP,Apple A12 Bionic 6 nhân,1242 x 2688 Pixels,Li-Ion 3174 mAh,"6.5""",,4 GB,IPHONE,CLICK_BUY
Apple iPhone 12 Pro Max 128GB Chính Hãng VN/A Fullbox,"29,290,000 VNĐ",https://hcm.clickbuy.com.vn/apple-iphone-12-pro-max-128gb-chinh-hang-vn-a-fullbox/,128 GB,Triple 12MP + 12MP + 12MP,"12 MP, f/2.2, 23mm (wide), 1/3.6"" SL 3D",A14 Bionic chip,1284 x 2778,,6.7 inch,,,IPHONE,CLICK_BUY
Apple iPhone 12 Pro Max 128GB Quốc Tế Fullbox,"25,990,000 VNĐ",https://hcm.clickbuy.com.vn/apple-iphone-12-pro-max-128gb-quoc-te-fullbox/,128 GB,Triple 12MP + 12MP + 12MP,"12 MP, f/2.2, 23mm (wide), 1/3.6"" SL 3D",A14 Bionic chip,1284 x 2778,,6.7 inch,,,IPHONE,CLICK_BUY
Apple iPhone 12 Pro Max 128GB Quốc Tế Fullbox ZA,"28,690,000 VNĐ",https://hcm.clickbuy.com.vn/apple-iphone-12-pro-max-128gb-quoc-te-fullbox-za/,128 GB,Triple 12MP + 12MP + 12MP,"12 MP, f/2.2, 23mm (wide), 1/3.6"" SL 3D",A14 Bionic chip,1284 x 2778,,6.7 inch,,,IPHONE,CLICK_BUY
Apple iPhone Xs 64GB Likenew,"9,190,000 VNĐ",https://hcm.clickbuy.com.vn/apple-iphone-xs-64gb-likenw/,64 GB,12 MP,7.0 MP,Apple A12 Bionic 6 nhân,1125 x 2436 pixels,Li-Ion 2658 mAh,5.8 inches,,4 GB,IPHONE,CLICK_BUY
Apple iPhone Xs 64GB Mới Trần,"11,190,000 VNĐ",https://hcm.clickbuy.com.vn/apple-iphone-xs-64gb-moi-tran/,64 GB,12 MP,7.0 MP,Apple A12 Bionic 6 nhân,1125 x 2436 pixels,Li-Ion 2658 mAh,5.8 inches,,4 GB,IPHONE,CLICK_BUY
Apple iPhone Xs 64GB Mới Trần VN/A,"11,690,000 VNĐ",https://hcm.clickbuy.com.vn/apple-iphone-xs-64gb-moi-tran-vn-a/,64 GB,12 MP,7.0 MP,Apple A12 Bionic 6 nhân,1125 x 2436 pixels,Li-Ion 2658 mAh,5.8 inches,,4 GB,IPHONE,CLICK_BUY
Apple iPhone Xs Lock 64GB Likenew,"8,990,000 VNĐ",https://hcm.clickbuy.com.vn/apple-iphone-xs-lock-64gb-likenew/,64 GB,12 MP,7.0 MP,Apple A12 Bionic 6 nhân,1125 x 2436 pixels,Li-Ion 2658 mAh,5.8 inches,,4 GB,IPHONE,CLICK_BUY
Apple iPhone Xs 256GB Likenew,"10,490,000 VNĐ",https://hcm.clickbuy.com.vn/apple-iphone-xs-256gb-likenew/,256 GB,12 MP,7.0 MP,Apple A12 Bionic 6 nhân,1125 x 2436 pixels,Li-Ion 2658 mAh,5.8 inches,,4 GB,IPHONE,CLICK_BUY
Apple iPhone Xs 256GB Mới Trần VN/A,"12,990,000 VNĐ",https://hcm.clickbuy.com.vn/apple-iphone-xs-256gb-moi-tran-vn-a/,256 GB,12 MP,7.0 MP,Apple A12 Bionic 6 nhân,1125 x 2436 pixels,Li-Ion 2658 mAh,5.8 inches,,4 GB,IPHONE,CLICK_BUY
Apple iPhone Xs 256GB Fullbox VN/A,"13,690,000 VNĐ",https://hcm.clickbuy.com.vn/apple-iphone-xs-256gb-fullbox-vn-a/,256 GB,12 MP,7.0 MP,Apple A12 Bionic 6 nhân,1125 x 2436 pixels,Li-Ion 2658 mAh,5.8 inches,,4 GB,IPHONE,CLICK_BUY
Apple iPhone Xs 512GB Likenew,"10,590,000 VNĐ",https://hcm.clickbuy.com.vn/apple-iphone-xs-512gb-likenew/,256 GB,12 MP,7.0 MP,Apple A12 Bionic 6 nhân,1125 x 2436 pixels,Li-Ion 2658 mAh,5.8 inches,,4 GB,IPHONE,CLICK_BUY
Apple iPhone Xs 512GB Mới Trần VN/A,"12,990,000 VNĐ",https://hcm.clickbuy.com.vn/apple-iphone-xs-512gb-moi-tran-vn-a/,256 GB,12 MP,7.0 MP,Apple A12 Bionic 6 nhân,1125 x 2436 pixels,Li-Ion 2658 mAh,5.8 inches,,4 GB,IPHONE,CLICK_BUY
Apple iPhone XS Max 64GB Likenew,"11,790,000 VNĐ",https://hcm.clickbuy.com.vn/apple-iphone-xs-max-64gb-likenew/,64 GB,12 MP,7.0 MP,Apple A12 Bionic 6 nhân,1242 x 2688 Pixels,Li-Ion 3174 mAh,"6.5""",,4 GB,IPHONE,CLICK_BUY
Apple iPhone XS Max 64GB Mới trần,"12,990,000 VNĐ",https://hcm.clickbuy.com.vn/apple-iphone-xs-max-64gb-moi-tran/,64 GB,12 MP,7.0 MP,Apple A12 Bionic 6 nhân,1242 x 2688 Pixels,Li-Ion 3174 mAh,"6.5""",,4 GB,IPHONE,CLICK_BUY
Apple iPhone XS Max 64GB Gold (VN/A) Mới Fullbox,"17,990,000 VNĐ",https://hcm.clickbuy.com.vn/apple-iphone-xs-max-64gb-gold-vn-a-moi-fullbox/,64 GB,12 MP,7.0 MP,Apple A12 Bionic 6 nhân,1242 x 2688 Pixels,Li-Ion 3174 mAh,"6.5""",,4 GB,IPHONE,CLICK_BUY
Apple iPhone 12 Pro Max 128GB Chính Hãng VN/A Fullbox,"29,290,000 VNĐ",https://hcm.clickbuy.com.vn/apple-iphone-12-pro-max-128gb-chinh-hang-vn-a-fullbox/,128 GB,Triple 12MP + 12MP + 12MP,"12 MP, f/2.2, 23mm (wide), 1/3.6"" SL 3D",A14 Bionic chip,1284 x 2778,,6.7 inch,,,IPHONE,CLICK_BUY
Apple iPhone 12 Pro Max 128GB Quốc Tế Fullbox,"25,990,000 VNĐ",https://hcm.clickbuy.com.vn/apple-iphone-12-pro-max-128gb-quoc-te-fullbox/,128 GB,Triple 12MP + 12MP + 12MP,"12 MP, f/2.2, 23mm (wide), 1/3.6"" SL 3D",A14 Bionic chip,1284 x 2778,,6.7 inch,,,IPHONE,CLICK_BUY
Apple iPhone 12 Pro Max 128GB Quốc Tế Fullbox ZA,"28,690,000 VNĐ",https://hcm.clickbuy.com.vn/apple-iphone-12-pro-max-128gb-quoc-te-fullbox-za/,128 GB,Triple 12MP + 12MP + 12MP,"12 MP, f/2.2, 23mm (wide), 1/3.6"" SL 3D",A14 Bionic chip,1284 x 2778,,6.7 inch,,,IPHONE,CLICK_BUY
Apple iPhone Xs 64GB Likenew,"9,190,000 VNĐ",https://hcm.clickbuy.com.vn/apple-iphone-xs-64gb-likenw/,64 GB,12 MP,7.0 MP,Apple A12 Bionic 6 nhân,1125 x 2436 pixels,Li-Ion 2658 mAh,5.8 inches,,4 GB,IPHONE,CLICK_BUY
Apple iPhone Xs 64GB Mới Trần,"11,190,000 VNĐ",https://hcm.clickbuy.com.vn/apple-iphone-xs-64gb-moi-tran/,64 GB,12 MP,7.0 MP,Apple A12 Bionic 6 nhân,1125 x 2436 pixels,Li-Ion 2658 mAh,5.8 inches,,4 GB,IPHONE,CLICK_BUY
Apple iPhone Xs 64GB Mới Trần VN/A,"11,690,000 VNĐ",https://hcm.clickbuy.com.vn/apple-iphone-xs-64gb-moi-tran-vn-a/,64 GB,12 MP,7.0 MP,Apple A12 Bionic 6 nhân,1125 x 2436 pixels,Li-Ion 2658 mAh,5.8 inches,,4 GB,IPHONE,CLICK_BUY
Apple iPhone Xs Lock 64GB Likenew,"8,990,000 VNĐ",https://hcm.clickbuy.com.vn/apple-iphone-xs-lock-64gb-likenew/,64 GB,12 MP,7.0 MP,Apple A12 Bionic 6 nhân,1125 x 2436 pixels,Li-Ion 2658 mAh,5.8 inches,,4 GB,IPHONE,CLICK_BUY
Apple iPhone Xs 256GB Likenew,"10,490,000 VNĐ",https://hcm.clickbuy.com.vn/apple-iphone-xs-256gb-likenew/,256 GB,12 MP,7.0 MP,Apple A12 Bionic 6 nhân,1125 x 2436 pixels,Li-Ion 2658 mAh,5.8 inches,,4 GB,IPHONE,CLICK_BUY
Apple iPhone Xs 256GB Mới Trần VN/A,"12,990,000 VNĐ",https://hcm.clickbuy.com.vn/apple-iphone-xs-256gb-moi-tran-vn-a/,256 GB,12 MP,7.0 MP,Apple A12 Bionic 6 nhân,1125 x 2436 pixels,Li-Ion 2658 mAh,5.8 inches,,4 GB,IPHONE,CLICK_BUY
Apple iPhone Xs 256GB Fullbox VN/A,"13,690,000 VNĐ",https://hcm.clickbuy.com.vn/apple-iphone-xs-256gb-fullbox-vn-a/,256 GB,12 MP,7.0 MP,Apple A12 Bionic 6 nhân,1125 x 2436 pixels,Li-Ion 2658 mAh,5.8 inches,,4 GB,IPHONE,CLICK_BUY
Apple iPhone Xs 512GB Likenew,"10,590,000 VNĐ",https://hcm.clickbuy.com.vn/apple-iphone-xs-512gb-likenew/,256 GB,12 MP,7.0 MP,Apple A12 Bionic 6 nhân,1125 x 2436 pixels,Li-Ion 2658 mAh,5.8 inches,,4 GB,IPHONE,CLICK_BUY
Apple iPhone Xs 512GB Mới Trần VN/A,"12,990,000 VNĐ",https://hcm.clickbuy.com.vn/apple-iphone-xs-512gb-moi-tran-vn-a/,256 GB,12 MP,7.0 MP,Apple A12 Bionic 6 nhân,1125 x 2436 pixels,Li-Ion 2658 mAh,5.8 inches,,4 GB,IPHONE,CLICK_BUY
Apple iPhone XS Max 64GB Likenew,"11,790,000 VNĐ",https://hcm.clickbuy.com.vn/apple-iphone-xs-max-64gb-likenew/,64 GB,12 MP,7.0 MP,Apple A12 Bionic 6 nhân,1242 x 2688 Pixels,Li-Ion 3174 mAh,"6.5""",,4 GB,IPHONE,CLICK_BUY
Apple iPhone XS Max 64GB Mới trần,"12,990,000 VNĐ",https://hcm.clickbuy.com.vn/apple-iphone-xs-max-64gb-moi-tran/,64 GB,12 MP,7.0 MP,Apple A12 Bionic 6 nhân,1242 x 2688 Pixels,Li-Ion 3174 mAh,"6.5""",,4 GB,IPHONE,CLICK_BUY
Apple iPhone XS Max 64GB Gold (VN/A) Mới Fullbox,"17,990,000 VNĐ",https://hcm.clickbuy.com.vn/apple-iphone-xs-max-64gb-gold-vn-a-moi-fullbox/,64 GB,12 MP,7.0 MP,Apple A12 Bionic 6 nhân,1242 x 2688 Pixels,Li-Ion 3174 mAh,"6.5""",,4 GB,IPHONE,CLICK_BUY
Apple iPhone 12 Pro Max 128GB Chính Hãng VN/A Fullbox,"29,290,000 VNĐ",https://hcm.clickbuy.com.vn/apple-iphone-12-pro-max-128gb-chinh-hang-vn-a-fullbox/,128 GB,Triple 12MP + 12MP + 12MP,"12 MP, f/2.2, 23mm (wide), 1/3.6"" SL 3D",A14 Bionic chip,1284 x 2778,,6.7 inch,,,IPHONE,CLICK_BUY
Apple iPhone 12 Pro Max 128GB Quốc Tế Fullbox,"25,990,000 VNĐ",https://hcm.clickbuy.com.vn/apple-iphone-12-pro-max-128gb-quoc-te-fullbox/,128 GB,Triple 12MP + 12MP + 12MP,"12 MP, f/2.2, 23mm (wide), 1/3.6"" SL 3D",A14 Bionic chip,1284 x 2778,,6.7 inch,,,IPHONE,CLICK_BUY
Apple iPhone 12 Pro Max 128GB Quốc Tế Fullbox ZA,"28,690,000 VNĐ",https://hcm.clickbuy.com.vn/apple-iphone-12-pro-max-128gb-quoc-te-fullbox-za/,128 GB,Triple 12MP + 12MP + 12MP,"12 MP, f/2.2, 23mm (wide), 1/3.6"" SL 3D",A14 Bionic chip,1284 x 2778,,6.7 inch,,,IPHONE,CLICK_BUY
Apple iPhone Xs 64GB Likenew,"9,190,000 VNĐ",https://hcm.clickbuy.com.vn/apple-iphone-xs-64gb-likenw/,64 GB,12 MP,7.0 MP,Apple A12 Bionic 6 nhân,1125 x 2436 pixels,Li-Ion 2658 mAh,5.8 inches,,4 GB,IPHONE,CLICK_BUY
Apple iPhone Xs 64GB Mới Trần,"11,190,000 VNĐ",https://hcm.clickbuy.com.vn/apple-iphone-xs-64gb-moi-tran/,64 GB,12 MP,7.0 MP,Apple A12 Bionic 6 nhân,1125 x 2436 pixels,Li-Ion 2658 mAh,5.8 inches,,4 GB,IPHONE,CLICK_BUY
Apple iPhone Xs 64GB Mới Trần VN/A,"11,690,000 VNĐ",https://hcm.clickbuy.com.vn/apple-iphone-xs-64gb-moi-tran-vn-a/,64 GB,12 MP,7.0 MP,Apple A12 Bionic 6 nhân,1125 x 2436 pixels,Li-Ion 2658 mAh,5.8 inches,,4 GB,IPHONE,CLICK_BUY
Apple iPhone Xs Lock 64GB Likenew,"8,990,000 VNĐ",https://hcm.clickbuy.com.vn/apple-iphone-xs-lock-64gb-likenew/,64 GB,12 MP,7.0 MP,Apple A12 Bionic 6 nhân,1125 x 2436 pixels,Li-Ion 2658 mAh,5.8 inches,,4 GB,IPHONE,CLICK_BUY
Apple iPhone Xs 256GB Likenew,"10,490,000 VNĐ",https://hcm.clickbuy.com.vn/apple-iphone-xs-256gb-likenew/,256 GB,12 MP,7.0 MP,Apple A12 Bionic 6 nhân,1125 x 2436 pixels,Li-Ion 2658 mAh,5.8 inches,,4 GB,IPHONE,CLICK_BUY
Apple iPhone Xs 256GB Mới Trần VN/A,"12,990,000 VNĐ",https://hcm.clickbuy.com.vn/apple-iphone-xs-256gb-moi-tran-vn-a/,256 GB,12 MP,7.0 MP,Apple A12 Bionic 6 nhân,1125 x 2436 pixels,Li-Ion 2658 mAh,5.8 inches,,4 GB,IPHONE,CLICK_BUY
Apple iPhone Xs 256GB Fullbox VN/A,"13,690,000 VNĐ",https://hcm.clickbuy.com.vn/apple-iphone-xs-256gb-fullbox-vn-a/,256 GB,12 MP,7.0 MP,Apple A12 Bionic 6 nhân,1125 x 2436 pixels,Li-Ion 2658 mAh,5.8 inches,,4 GB,IPHONE,CLICK_BUY
Apple iPhone Xs 512GB Likenew,"10,590,000 VNĐ",https://hcm.clickbuy.com.vn/apple-iphone-xs-512gb-likenew/,256 GB,12 MP,7.0 MP,Apple A12 Bionic 6 nhân,1125 x 2436 pixels,Li-Ion 2658 mAh,5.8 inches,,4 GB,IPHONE,CLICK_BUY
Apple iPhone Xs 512GB Mới Trần VN/A,"12,990,000 VNĐ",https://hcm.clickbuy.com.vn/apple-iphone-xs-512gb-moi-tran-vn-a/,256 GB,12 MP,7.0 MP,Apple A12 Bionic 6 nhân,1125 x 2436 pixels,Li-Ion 2658 mAh,5.8 inches,,4 GB,IPHONE,CLICK_BUY
Apple iPhone XS Max 64GB Likenew,"11,790,000 VNĐ",https://hcm.clickbuy.com.vn/apple-iphone-xs-max-64gb-likenew/,64 GB,12 MP,7.0 MP,Apple A12 Bionic 6 nhân,1242 x 2688 Pixels,Li-Ion 3174 mAh,"6.5""",,4 GB,IPHONE,CLICK_BUY
Apple iPhone XS Max 64GB Mới trần,"12,990,000 VNĐ",https://hcm.clickbuy.com.vn/apple-iphone-xs-max-64gb-moi-tran/,64 GB,12 MP,7.0 MP,Apple A12 Bionic 6 nhân,1242 x 2688 Pixels,Li-Ion 3174 mAh,"6.5""",,4 GB,IPHONE,CLICK_BUY
Apple iPhone XS Max 64GB Gold (VN/A) Mới Fullbox,"17,990,000 VNĐ",https://hcm.clickbuy.com.vn/apple-iphone-xs-max-64gb-gold-vn-a-moi-fullbox/,64 GB,12 MP,7.0 MP,Apple A12 Bionic 6 nhân,1242 x 2688 Pixels,Li-Ion 3174 mAh,"6.5""",,4 GB,IPHONE,CLICK_BUY
Apple iPhone 12 Pro Max 128GB Chính Hãng VN/A Fullbox,"29,290,000 VNĐ",https://hcm.clickbuy.com.vn/apple-iphone-12-pro-max-128gb-chinh-hang-vn-a-fullbox/,128 GB,Triple 12MP + 12MP + 12MP,"12 MP, f/2.2, 23mm (wide), 1/3.6"" SL 3D",A14 Bionic chip,1284 x 2778,,6.7 inch,,,IPHONE,CLICK_BUY
Apple iPhone 12 Pro Max 128GB Quốc Tế Fullbox,"25,990,000 VNĐ",https://hcm.clickbuy.com.vn/apple-iphone-12-pro-max-128gb-quoc-te-fullbox/,128 GB,Triple 12MP + 12MP + 12MP,"12 MP, f/2.2, 23mm (wide), 1/3.6"" SL 3D",A14 Bionic chip,1284 x 2778,,6.7 inch,,,IPHONE,CLICK_BUY
Apple iPhone 12 Pro Max 128GB Quốc Tế Fullbox ZA,"28,690,000 VNĐ",https://hcm.clickbuy.com.vn/apple-iphone-12-pro-max-128gb-quoc-te-fullbox-za/,128 GB,Triple 12MP + 12MP + 12MP,"12 MP, f/2.2, 23mm (wide), 1/3.6"" SL 3D",A14 Bionic chip,1284 x 2778,,6.7 inch,,,IPHONE,CLICK_BUY
Apple iPhone Xs 64GB Likenew,"9,190,000 VNĐ",https://hcm.clickbuy.com.vn/apple-iphone-xs-64gb-likenw/,64 GB,12 MP,7.0 MP,Apple A12 Bionic 6 nhân,1125 x 2436 pixels,Li-Ion 2658 mAh,5.8 inches,,4 GB,IPHONE,CLICK_BUY
Apple iPhone Xs 64GB Mới Trần,"11,190,000 VNĐ",https://hcm.clickbuy.com.vn/apple-iphone-xs-64gb-moi-tran/,64 GB,12 MP,7.0 MP,Apple A12 Bionic 6 nhân,1125 x 2436 pixels,Li-Ion 2658 mAh,5.8 inches,,4 GB,IPHONE,CLICK_BUY
Apple iPhone Xs 64GB Mới Trần VN/A,"11,690,000 VNĐ",https://hcm.clickbuy.com.vn/apple-iphone-xs-64gb-moi-tran-vn-a/,64 GB,12 MP,7.0 MP,Apple A12 Bionic 6 nhân,1125 x 2436 pixels,Li-Ion 2658 mAh,5.8 inches,,4 GB,IPHONE,CLICK_BUY
Apple iPhone Xs Lock 64GB Likenew,"8,990,000 VNĐ",https://hcm.clickbuy.com.vn/apple-iphone-xs-lock-64gb-likenew/,64 GB,12 MP,7.0 MP,Apple A12 Bionic 6 nhân,1125 x 2436 pixels,Li-Ion 2658 mAh,5.8 inches,,4 GB,IPHONE,CLICK_BUY
Apple iPhone Xs 256GB Likenew,"10,490,000 VNĐ",https://hcm.clickbuy.com.vn/apple-iphone-xs-256gb-likenew/,256 GB,12 MP,7.0 MP,Apple A12 Bionic 6 nhân,1125 x 2436 pixels,Li-Ion 2658 mAh,5.8 inches,,4 GB,IPHONE,CLICK_BUY
Apple iPhone Xs 256GB Mới Trần VN/A,"12,990,000 VNĐ",https://hcm.clickbuy.com.vn/apple-iphone-xs-256gb-moi-tran-vn-a/,256 GB,12 MP,7.0 MP,Apple A12 Bionic 6 nhân,1125 x 2436 pixels,Li-Ion 2658 mAh,5.8 inches,,4 GB,IPHONE,CLICK_BUY
Apple iPhone Xs 256GB Fullbox VN/A,"13,690,000 VNĐ",https://hcm.clickbuy.com.vn/apple-iphone-xs-256gb-fullbox-vn-a/,256 GB,12 MP,7.0 MP,Apple A12 Bionic 6 nhân,1125 x 2436 pixels,Li-Ion 2658 mAh,5.8 inches,,4 GB,IPHONE,CLICK_BUY
Apple iPhone Xs 512GB Likenew,"10,590,000 VNĐ",https://hcm.clickbuy.com.vn/apple-iphone-xs-512gb-likenew/,256 GB,12 MP,7.0 MP,Apple A12 Bionic 6 nhân,1125 x 2436 pixels,Li-Ion 2658 mAh,5.8 inches,,4 GB,IPHONE,CLICK_BUY
Apple iPhone Xs 512GB Mới Trần VN/A,"12,990,000 VNĐ",https://hcm.clickbuy.com.vn/apple-iphone-xs-512gb-moi-tran-vn-a/,256 GB,12 MP,7.0 MP,Apple A12 Bionic 6 nhân,1125 x 2436 pixels,Li-Ion 2658 mAh,5.8 inches,,4 GB,IPHONE,CLICK_BUY
Apple iPhone XS Max 64GB Likenew,"11,790,000 VNĐ",https://hcm.clickbuy.com.vn/apple-iphone-xs-max-64gb-likenew/,64 GB,12 MP,7.0 MP,Apple A12 Bionic 6 nhân,1242 x 2688 Pixels,Li-Ion 3174 mAh,"6.5""",,4 GB,IPHONE,CLICK_BUY
Apple iPhone XS Max 64GB Mới trần,"12,990,000 VNĐ",https://hcm.clickbuy.com.vn/apple-iphone-xs-max-64gb-moi-tran/,64 GB,12 MP,7.0 MP,Apple A12 Bionic 6 nhân,1242 x 2688 Pixels,Li-Ion 3174 mAh,"6.5""",,4 GB,IPHONE,CLICK_BUY
Apple iPhone XS Max 64GB Gold (VN/A) Mới Fullbox,"17,990,000 VNĐ",https://hcm.clickbuy.com.vn/apple-iphone-xs-max-64gb-gold-vn-a-moi-fullbox/,64 GB,12 MP,7.0 MP,Apple A12 Bionic 6 nhân,1242 x 2688 Pixels,Li-Ion 3174 mAh,"6.5""",,4 GB,IPHONE,CLICK_BUY
Apple iPhone 12 Pro Max 128GB Chính Hãng VN/A Fullbox,"29,290,000 VNĐ",https://hcm.clickbuy.com.vn/apple-iphone-12-pro-max-128gb-chinh-hang-vn-a-fullbox/,128 GB,Triple 12MP + 12MP + 12MP,"12 MP, f/2.2, 23mm (wide), 1/3.6"" SL 3D",A14 Bionic chip,1284 x 2778,,6.7 inch,,,IPHONE,CLICK_BUY
Apple iPhone 12 Pro Max 128GB Quốc Tế Fullbox,"25,990,000 VNĐ",https://hcm.clickbuy.com.vn/apple-iphone-12-pro-max-128gb-quoc-te-fullbox/,128 GB,Triple 12MP + 12MP + 12MP,"12 MP, f/2.2, 23mm (wide), 1/3.6"" SL 3D",A14 Bionic chip,1284 x 2778,,6.7 inch,,,IPHONE,CLICK_BUY
Apple iPhone 12 Pro Max 128GB Quốc Tế Fullbox ZA,"28,690,000 VNĐ",https://hcm.clickbuy.com.vn/apple-iphone-12-pro-max-128gb-quoc-te-fullbox-za/,128 GB,Triple 12MP + 12MP + 12MP,"12 MP, f/2.2, 23mm (wide), 1/3.6"" SL 3D",A14 Bionic chip,1284 x 2778,,6.7 inch,,,IPHONE,CLICK_BUY
Apple iPhone Xs 64GB Likenew,"9,190,000 VNĐ",https://hcm.clickbuy.com.vn/apple-iphone-xs-64gb-likenw/,64 GB,12 MP,7.0 MP,Apple A12 Bionic 6 nhân,1125 x 2436 pixels,Li-Ion 2658 mAh,5.8 inches,,4 GB,IPHONE,CLICK_BUY
Apple iPhone Xs 64GB Mới Trần,"11,190,000 VNĐ",https://hcm.clickbuy.com.vn/apple-iphone-xs-64gb-moi-tran/,64 GB,12 MP,7.0 MP,Apple A12 Bionic 6 nhân,1125 x 2436 pixels,Li-Ion 2658 mAh,5.8 inches,,4 GB,IPHONE,CLICK_BUY
Apple iPhone Xs 64GB Mới Trần VN/A,"11,690,000 VNĐ",https://hcm.clickbuy.com.vn/apple-iphone-xs-64gb-moi-tran-vn-a/,64 GB,12 MP,7.0 MP,Apple A12 Bionic 6 nhân,1125 x 2436 pixels,Li-Ion 2658 mAh,5.8 inches,,4 GB,IPHONE,CLICK_BUY
Apple iPhone Xs Lock 64GB Likenew,"8,990,000 VNĐ",https://hcm.clickbuy.com.vn/apple-iphone-xs-lock-64gb-likenew/,64 GB,12 MP,7.0 MP,Apple A12 Bionic 6 nhân,1125 x 2436 pixels,Li-Ion 2658 mAh,5.8 inches,,4 GB,IPHONE,CLICK_BUY
Apple iPhone Xs 256GB Likenew,"10,490,000 VNĐ",https://hcm.clickbuy.com.vn/apple-iphone-xs-256gb-likenew/,256 GB,12 MP,7.0 MP,Apple A12 Bionic 6 nhân,1125 x 2436 pixels,Li-Ion 2658 mAh,5.8 inches,,4 GB,IPHONE,CLICK_BUY
Apple iPhone Xs 256GB Mới Trần VN/A,"12,990,000 VNĐ",https://hcm.clickbuy.com.vn/apple-iphone-xs-256gb-moi-tran-vn-a/,256 GB,12 MP,7.0 MP,Apple A12 Bionic 6 nhân,1125 x 2436 pixels,Li-Ion 2658 mAh,5.8 inches,,4 GB,IPHONE,CLICK_BUY
Apple iPhone Xs 256GB Fullbox VN/A,"13,690,000 VNĐ",https://hcm.clickbuy.com.vn/apple-iphone-xs-256gb-fullbox-vn-a/,256 GB,12 MP,7.0 MP,Apple A12 Bionic 6 nhân,1125 x 2436 pixels,Li-Ion 2658 mAh,5.8 inches,,4 GB,IPHONE,CLICK_BUY
Apple iPhone Xs 512GB Likenew,"10,590,000 VNĐ",https://hcm.clickbuy.com.vn/apple-iphone-xs-512gb-likenew/,256 GB,12 MP,7.0 MP,Apple A12 Bionic 6 nhân,1125 x 2436 pixels,Li-Ion 2658 mAh,5.8 inches,,4 GB,IPHONE,CLICK_BUY
Apple iPhone Xs 512GB Mới Trần VN/A,"12,990,000 VNĐ",https://hcm.clickbuy.com.vn/apple-iphone-xs-512gb-moi-tran-vn-a/,256 GB,12 MP,7.0 MP,Apple A12 Bionic 6 nhân,1125 x 2436 pixels,Li-Ion 2658 mAh,5.8 inches,,4 GB,IPHONE,CLICK_BUY
Apple iPhone XS Max 64GB Likenew,"11,790,000 VNĐ",https://hcm.clickbuy.com.vn/apple-iphone-xs-max-64gb-likenew/,64 GB,12 MP,7.0 MP,Apple A12 Bionic 6 nhân,1242 x 2688 Pixels,Li-Ion 3174 mAh,"6.5""",,4 GB,IPHONE,CLICK_BUY
Apple iPhone XS Max 64GB Mới trần,"12,990,000 VNĐ",https://hcm.clickbuy.com.vn/apple-iphone-xs-max-64gb-moi-tran/,64 GB,12 MP,7.0 MP,Apple A12 Bionic 6 nhân,1242 x 2688 Pixels,Li-Ion 3174 mAh,"6.5""",,4 GB,IPHONE,CLICK_BUY
Apple iPhone XS Max 64GB Gold (VN/A) Mới Fullbox,"17,990,000 VNĐ",https://hcm.clickbuy.com.vn/apple-iphone-xs-max-64gb-gold-vn-a-moi-fullbox/,64 GB,12 MP,7.0 MP,Apple A12 Bionic 6 nhân,1242 x 2688 Pixels,Li-Ion 3174 mAh,"6.5""",,4 GB,IPHONE,CLICK_BUY
Apple iPhone 12 Pro Max 128GB Chính Hãng VN/A Fullbox,"29,290,000 VNĐ",https://hcm.clickbuy.com.vn/apple-iphone-12-pro-max-128gb-chinh-hang-vn-a-fullbox/,128 GB,Triple 12MP + 12MP + 12MP,"12 MP, f/2.2, 23mm (wide), 1/3.6"" SL 3D",A14 Bionic chip,1284 x 2778,,6.7 inch,,,IPHONE,CLICK_BUY
Apple iPhone 12 Pro Max 128GB Quốc Tế Fullbox,"25,990,000 VNĐ",https://hcm.clickbuy.com.vn/apple-iphone-12-pro-max-128gb-quoc-te-fullbox/,128 GB,Triple 12MP + 12MP + 12MP,"12 MP, f/2.2, 23mm (wide), 1/3.6"" SL 3D",A14 Bionic chip,1284 x 2778,,6.7 inch,,,IPHONE,CLICK_BUY
Apple iPhone 12 Pro Max 128GB Quốc Tế Fullbox ZA,"28,690,000 VNĐ",https://hcm.clickbuy.com.vn/apple-iphone-12-pro-max-128gb-quoc-te-fullbox-za/,128 GB,Triple 12MP + 12MP + 12MP,"12 MP, f/2.2, 23mm (wide), 1/3.6"" SL 3D",A14 Bionic chip,1284 x 2778,,6.7 inch,,,IPHONE,CLICK_BUY
Apple iPhone Xs 64GB Likenew,"9,190,000 VNĐ",https://hcm.clickbuy.com.vn/apple-iphone-xs-64gb-likenw/,64 GB,12 MP,7.0 MP,Apple A12 Bionic 6 nhân,1125 x 2436 pixels,Li-Ion 2658 mAh,5.8 inches,,4 GB,IPHONE,CLICK_BUY
Apple iPhone Xs 64GB Mới Trần,"11,190,000 VNĐ",https://hcm.clickbuy.com.vn/apple-iphone-xs-64gb-moi-tran/,64 GB,12 MP,7.0 MP,Apple A12 Bionic 6 nhân,1125 x 2436 pixels,Li-Ion 2658 mAh,5.8 inches,,4 GB,IPHONE,CLICK_BUY
Apple iPhone Xs 64GB Mới Trần VN/A,"11,690,000 VNĐ",https://hcm.clickbuy.com.vn/apple-iphone-xs-64gb-moi-tran-vn-a/,64 GB,12 MP,7.0 MP,Apple A12 Bionic 6 nhân,1125 x 2436 pixels,Li-Ion 2658 mAh,5.8 inches,,4 GB,IPHONE,CLICK_BUY
Apple iPhone Xs Lock 64GB Likenew,"8,990,000 VNĐ",https://hcm.clickbuy.com.vn/apple-iphone-xs-lock-64gb-likenew/,64 GB,12 MP,7.0 MP,Apple A12 Bionic 6 nhân,1125 x 2436 pixels,Li-Ion 2658 mAh,5.8 inches,,4 GB,IPHONE,CLICK_BUY
Apple iPhone Xs 256GB Likenew,"10,490,000 VNĐ",https://hcm.clickbuy.com.vn/apple-iphone-xs-256gb-likenew/,256 GB,12 MP,7.0 MP,Apple A12 Bionic 6 nhân,1125 x 2436 pixels,Li-Ion 2658 mAh,5.8 inches,,4 GB,IPHONE,CLICK_BUY
Apple iPhone Xs 256GB Mới Trần VN/A,"12,990,000 VNĐ",https://hcm.clickbuy.com.vn/apple-iphone-xs-256gb-moi-tran-vn-a/,256 GB,12 MP,7.0 MP,Apple A12 Bionic 6 nhân,1125 x 2436 pixels,Li-Ion 2658 mAh,5.8 inches,,4 GB,IPHONE,CLICK_BUY
Apple iPhone Xs 256GB Fullbox VN/A,"13,690,000 VNĐ",https://hcm.clickbuy.com.vn/apple-iphone-xs-256gb-fullbox-vn-a/,256 GB,12 MP,7.0 MP,Apple A12 Bionic 6 nhân,1125 x 2436 pixels,Li-Ion 2658 mAh,5.8 inches,,4 GB,IPHONE,CLICK_BUY
Apple iPhone Xs 512GB Likenew,"10,590,000 VNĐ",https://hcm.clickbuy.com.vn/apple-iphone-xs-512gb-likenew/,256 GB,12 MP,7.0 MP,Apple A12 Bionic 6 nhân,1125 x 2436 pixels,Li-Ion 2658 mAh,5.8 inches,,4 GB,IPHONE,CLICK_BUY
Apple iPhone Xs 512GB Mới Trần VN/A,"12,990,000 VNĐ",https://hcm.clickbuy.com.vn/apple-iphone-xs-512gb-moi-tran-vn-a/,256 GB,12 MP,7.0 MP,Apple A12 Bionic 6 nhân,1125 x 2436 pixels,Li-Ion 2658 mAh,5.8 inches,,4 GB,IPHONE,CLICK_BUY
Apple iPhone XS Max 64GB Likenew,"11,790,000 VNĐ",https://hcm.clickbuy.com.vn/apple-iphone-xs-max-64gb-likenew/,64 GB,12 MP,7.0 MP,Apple A12 Bionic 6 nhân,1242 x 2688 Pixels,Li-Ion 3174 mAh,"6.5""",,4 GB,IPHONE,CLICK_BUY
Apple iPhone XS Max 64GB Mới trần,"12,990,000 VNĐ",https://hcm.clickbuy.com.vn/apple-iphone-xs-max-64gb-moi-tran/,64 GB,12 MP,7.0 MP,Apple A12 Bionic 6 nhân,1242 x 2688 Pixels,Li-Ion 3174 mAh,"6.5""",,4 GB,IPHONE,CLICK_BUY
Apple iPhone XS Max 64GB Gold (VN/A) Mới Fullbox,"17,990,000 VNĐ",https://hcm.clickbuy.com.vn/apple-iphone-xs-max-64gb-gold-vn-a-moi-fullbox/,64 GB,12 MP,7.0 MP,Apple A12 Bionic 6 nhân,1242 x 2688 Pixels,Li-Ion 3174 mAh,"6.5""",,4 GB,IPHONE,CLICK_BUY
