Tên sản phẩm,Giá sản phẩm,màn hình,Kích thước màn hình,Thời gian sử dụng,Hệ điều hành,Ngôn ngữ,Link,Thể loại sản phẩm,Cửa hàng
Apple Watch Series 6 40mm GPS ,8.790.000 VNĐ,"Retina LTPO OLED, 1000 nits",1.57 inches,Up to 18 h (mixed usage),watchOS 7.0 - chip Apple S6,"Tiếng Việt, Tiếng Anh",https://dienthoaimoi.vn/dong-ho-apple-watch-series-6-aluminum-ban-nhom-p409.html,APPLE WATCH,DIEN THOAI MOI
Apple Watch Series 5 LTE 44mm Nhôm Cũ 99% ,7.490.000 VNĐ,OLED,1.78 inch,36 tiếng,watchOS 6.0,"Tiếng Việt, Tiếng Anh",https://dienthoaimoi.vn/apple-watch-series-5-44mm-nhom-cu-99-p249.html,APPLE WATCH,DIEN THOAI MOI
Apple Watch Series 5 LTE 40mm Nhôm Cũ 99% ,7.390.000 VNĐ,OLED,1.57 inch,36 tiếng,watchOS 6.0,"Tiếng Việt, Tiếng Anh",https://dienthoaimoi.vn/apple-watch-series-5-40mm-nhom-cu-99-p247.html,APPLE WATCH,DIEN THOAI MOI
Apple Watch Series 5 GPS 44mm Nhôm cũ,7.390.000 VNĐ,OLED,1.57 inch,36 tiếng,watchOS 6.0,"Tiếng Việt, Tiếng Anh",https://dienthoaimoi.vn/apple-watch-series-5-gps-44mm-nhom-cu-p530.html,APPLE WATCH,DIEN THOAI MOI
Apple Watch Series 5 GPS 40mm Nhôm cũ,6.790.000 VNĐ,OLED,1.57 inch,36 tiếng,watchOS 6.0,"Tiếng Việt, Tiếng Anh",https://dienthoaimoi.vn/apple-watch-series-5-gps-40mm-nhom-cu-p527.html,APPLE WATCH,DIEN THOAI MOI
Apple Watch Series 5 LTE 44mm Thép Cũ 99%,11.490.000 VNĐ,OLED,1.78 inch,36 tiếng,watchOS 6.0,"Tiếng Việt, Tiếng Anh",https://dienthoaimoi.vn/apple-watch-series-5-44mm-thep-cu-99-p248.html,APPLE WATCH,DIEN THOAI MOI
Apple Watch Series 5 LTE 40mm Thép Cũ ,10.890.000 VNĐ,OLED,1.78 inch,36 tiếng,watchOS 6.0,"Tiếng Việt, Tiếng Anh",https://dienthoaimoi.vn/apple-watch-series-5-40mm-thep-cu-p529.html,APPLE WATCH,DIEN THOAI MOI
Apple Watch Series 4 LTE 44mm Nhôm Cũ 99%   ,6.690.000 VNĐ,AMOLED,2.2 inch,18 tiếng,watchOS 5.0,"Tiếng Việt, Tiếng Anh",https://dienthoaimoi.vn/apple-watch-series-4-44mm-nhom-cu-99-1-p246.html,APPLE WATCH,DIEN THOAI MOI
Apple Watch Series 4 LTE 40mm Nhôm Cũ 99%  ,6.190.000 VNĐ,AMOLED,2.0 inch,18 tiếng,watchOS 5.0,"Tiếng Việt, Tiếng Anh",https://dienthoaimoi.vn/apple-watch-series-4-40mm-nhom-cu-99-1-p245.html,APPLE WATCH,DIEN THOAI MOI
Apple Watch Series 4 GPS 44mm Nhôm Cũ 99%,6.290.000 VNĐ,AMOLED,2.2 inch,18 tiếng,watchOS 5.0,"Tiếng Việt, Tiếng Anh",https://dienthoaimoi.vn/apple-watch-series-4-44mm-nhom-cu-99-p244.html,APPLE WATCH,DIEN THOAI MOI
Apple Watch Series 4 GPS 40mm Nhôm Cũ 99%  ,5.790.000 VNĐ,AMOLED,2.0 inch,18 tiếng,watchOS 5.0,"Tiếng Việt, Tiếng Anh",https://dienthoaimoi.vn/apple-watch-series-4-40mm-nhom-cu-99-p243.html,APPLE WATCH,DIEN THOAI MOI
Apple Watch Series 4 LTE 44mm Thép cũ,7.890.000 VNĐ,AMOLED,2.2 inch,18 tiếng,watchOS 5.0,"Tiếng Việt, Tiếng Anh",https://dienthoaimoi.vn/apple-watch-series-4-44mm-thep-cu-p395.html,APPLE WATCH,DIEN THOAI MOI
Apple Watch Series 4 LTE 40mm Thép cũ,7.690.000 VNĐ,AMOLED,2.2 inch,18 tiếng,watchOS 5.0,"Tiếng Việt, Tiếng Anh",https://dienthoaimoi.vn/apple-watch-series-4-40mm-thep-cu-p528.html,APPLE WATCH,DIEN THOAI MOI
Apple Watch Series 3 LTE 42mm Nhôm Cũ 99%  ,4.190.000 VNĐ,OLED,1.65 inch,36 tiếng,watchOS 6.0,"Tiếng Việt, Tiếng Anh",https://dienthoaimoi.vn/apple-watch-series-3-42mm-nhom-cu-99-p240.html,APPLE WATCH,DIEN THOAI MOI
Apple Watch Series 3 LTE 38mm Nhôm Cũ 99% ,4.090.000 VNĐ,AMOLED,1.5 inch,36 tiếng,watchOS 6.0,"Tiếng Việt, Tiếng Anh",https://dienthoaimoi.vn/apple-watch-series-3-38mm-nhom-cu-99-p239.html,APPLE WATCH,DIEN THOAI MOI
Apple Watch Series 3 GPS 42mm Nhôm Cũ 99%  ,3.990.000 VNĐ,AMOLED,1.65 inch,36 tiếng,watchOS 6.0,"Tiếng Việt, Tiếng Anh",https://dienthoaimoi.vn/apple-watch-series-3-42mm-nhom-cu-99-1-p242.html,APPLE WATCH,DIEN THOAI MOI
Apple Watch Series 3 GPS 38mm Nhôm Cũ 99% ,3.690.000 VNĐ,AMOLED,1.5 inch,36 tiếng,watchOS 6.0,"Tiếng Việt, Tiếng Anh",https://dienthoaimoi.vn/apple-watch-series-3-38mm-nhom-cu-99-1-p241.html,APPLE WATCH,DIEN THOAI MOI
Apple Watch Series 3 LTE 38mm Thép Cũ 99%,6.090.000 VNĐ,AMOLED,1.5 inch,36 tiếng,watchOS 6.0,"Tiếng Việt, Tiếng Anh",https://dienthoaimoi.vn/apple-watch-series-3-38mm-thep-cu-99-p501.html,APPLE WATCH,DIEN THOAI MOI
Apple Watch Series 4 LTE 44mm Nhôm Mới,9.190.000 VNĐ,AMOLED,2.2 inch,18 tiếng,watchOS 5.0,"Tiếng Việt, Tiếng Anh",https://dienthoaimoi.vn/apple-watch-series-4-44mm-nhom-new-p394.html,APPLE WATCH,DIEN THOAI MOI
Apple Watch Series 4 LTE 40mm Nhôm Mới,8.690.000 VNĐ,AMOLED,2.0 inch,18 tiếng,watchOS 5.0,"Tiếng Việt, Tiếng Anh",https://dienthoaimoi.vn/apple-watch-series-4-40mm-nhom-new-1-p393.html,APPLE WATCH,DIEN THOAI MOI
Apple Watch Series 4 GPS 44mm Nhôm Chính hãng VN/A,9.100.000 VNĐ,AMOLED,2.2 inch,18 tiếng,watchOS 5.0,"Tiếng Việt, Tiếng Anh",https://dienthoaimoi.vn/apple-watch-series-4-44mm-nhom-vna-p392.html,APPLE WATCH,DIEN THOAI MOI
Apple Watch Series 4 GPS 40mm Nhôm Mới,8.690.000 VNĐ,AMOLED,2.0 inch,18 tiếng,watchOS 5.0,"Tiếng Việt, Tiếng Anh",https://dienthoaimoi.vn/apple-watch-series-4-40mm-nhom-new-p390.html,APPLE WATCH,DIEN THOAI MOI
Apple Watch Series 5 LTE 44mm Thép Chính hãng VN/A,18.400.000 VNĐ,OLED,1.78 inch,36 tiếng,watchOS 6.0,"Tiếng Việt, Tiếng Anh",https://dienthoaimoi.vn/apple-watch-series-5-lte-44mm-thep-vna-p389.html,APPLE WATCH,DIEN THOAI MOI
Apple Watch Series 5 LTE 40mm Thép Chính hãng VN/A,17.600.000 VNĐ,OLED,1.57 inch,36 tiếng,watchOS 6.0,"Tiếng Việt, Tiếng Anh",https://dienthoaimoi.vn/apple-watch-series-5-lte-40mm-thep-vna-p388.html,APPLE WATCH,DIEN THOAI MOI
Apple Watch Series 5 LTE 44mm Nhôm Chính hãng VN/A ,13.700.000 VNĐ,OLED,1.78 inch,36 tiếng,watchOS 6.0,"Tiếng Việt, Tiếng Anh",https://dienthoaimoi.vn/apple-watch-series-5-lte-44mm-nhom-vna-p387.html,APPLE WATCH,DIEN THOAI MOI
Apple Watch Series 5 LTE 40mm Nhôm Chính hãng VN/A,13.000.000 VNĐ,OLED,1.57 inch,36 tiếng,watchOS 6.0,"Tiếng Việt, Tiếng Anh",https://dienthoaimoi.vn/apple-watch-series-5-lte-40mm-nhom-vna-p386.html,APPLE WATCH,DIEN THOAI MOI
Apple Watch Series 5 GPS 44mm Nhôm Chính hãng VN/A,10.890.000 VNĐ,OLED,1.78 inch,36 tiếng,watchOS 6.0,"Tiếng Việt, Tiếng Anh",https://dienthoaimoi.vn/apple-watch-series-5-gps-44mm-nhom-vna-p385.html,APPLE WATCH,DIEN THOAI MOI
Apple Watch Series 5 GPS 40mm Nhôm Chính hãng VN/A,10.290.000 VNĐ,OLED,1.57 inch,36 tiếng,watchOS 6.0,"Tiếng Việt, Tiếng Anh",https://dienthoaimoi.vn/apple-watch-series-5-gps-40mm-nhom-vna-p384.html,APPLE WATCH,DIEN THOAI MOI
Apple Watch Series 5 LTE 44mm Thép Mới,16.290.000 VNĐ,OLED,1.78 inch,36 tiếng,watchOS 6.0,"Tiếng Việt, Tiếng Anh",https://dienthoaimoi.vn/apple-watch-series-5-lte-44mm-thep-new-p383.html,APPLE WATCH,DIEN THOAI MOI
Apple Watch Series 5 LTE 40mm Thép Mới,13.690.000 VNĐ,OLED,1.57 inch,36 tiếng,watchOS 6.0,"Tiếng Việt, Tiếng Anh",https://dienthoaimoi.vn/apple-watch-series-5-lte-40mm-thep-new-p382.html,APPLE WATCH,DIEN THOAI MOI
Apple Watch Series 5 LTE 44mm Nhôm Mới,10.790.000 VNĐ,OLED,1.78 inch,36 tiếng,watchOS 6.0,"Tiếng Việt, Tiếng Anh",https://dienthoaimoi.vn/apple-watch-series-5-lte-44mm-nhom-new-p381.html,APPLE WATCH,DIEN THOAI MOI
Apple Watch Series 5 LTE 40mm Nhôm Mới,9.690.000 VNĐ,OLED,1.57 inch,36 tiếng,watchOS 6.0,"Tiếng Việt, Tiếng Anh",https://dienthoaimoi.vn/apple-watch-series-5-lte-40mm-nhom-new-p380.html,APPLE WATCH,DIEN THOAI MOI
Apple Watch Series 5 GPS 44mm Nhôm Mới,10.090.000 VNĐ,OLED,1.78 inch,36 tiếng,watchOS 6.0,"Tiếng Việt, Tiếng Anh",https://dienthoaimoi.vn/apple-watch-series-5-gps-44mm-nhom-new-p379.html,APPLE WATCH,DIEN THOAI MOI
Apple Watch Series 5 GPS 40mm Nhôm Mới,9.290.000 VNĐ,OLED,1.57 inch,36 tiếng,watchOS 6.0,"Tiếng Việt, Tiếng Anh",https://dienthoaimoi.vn/apple-watch-series-5-gps-40mm-nhom-new-p378.html,APPLE WATCH,DIEN THOAI MOI
Apple Watch Series 2 42mm Thép Cũ 99%  ,3.290.000 VNĐ,AMOLED,1.65 inch,18 tiếng,watchOS 3.0,"Tiếng Việt, Tiếng Anh",https://dienthoaimoi.vn/apple-watch-series-2-42mm-thep-cu-99-p237.html,APPLE WATCH,DIEN THOAI MOI
Apple Watch Series 2 38mm Thép Cũ 99% ,2.890.000 VNĐ,AMOLED,1.5 inch,18 tiếng,watchOS 3.0,"Tiếng Việt, Tiếng Anh",https://dienthoaimoi.vn/apple-watch-series-2-38mm-thep-cu-99-p236.html,APPLE WATCH,DIEN THOAI MOI
Apple Watch Series 2 42mm Nhôm Cũ 99% ,2.990.000 VNĐ,AMOLED,1.65 inch,18 tiếng,watchOS 3.0,"Tiếng Việt, Tiếng Anh",https://dienthoaimoi.vn/apple-watch-series-2-42mm-nhom-cu-99-p235.html,APPLE WATCH,DIEN THOAI MOI
Apple Watch Series 2 38mm Nhôm Cũ 99%,2.590.000 VNĐ,AMOLED,1.5 inch,18 tiếng,watchOS 3.0,,https://dienthoaimoi.vn/apple-watch-series-2-38mm-nhom-cu-99-p233.html,APPLE WATCH,DIEN THOAI MOI
Đồng hồ Apple Watch Series 6 SE,Liên hệ,OLED,1.57 inch,36 tiếng,watchOS 7.0,"Tiếng Việt, Tiếng Anh",https://dienthoaimoi.vn/dong-ho-apple-watch-series-6-se-p410.html,APPLE WATCH,DIEN THOAI MOI
Apple Watch Edition Series 6,Liên hệ,OLED,1.57 inch,36 tiếng,watchOS 7.0,"Tiếng Việt, Tiếng Anh",https://dienthoaimoi.vn/apple-watch-edition-series-6-p408.html,APPLE WATCH,DIEN THOAI MOI
Đồng hồ Apple Watch Series 6 thép không gỉ,Liên hệ,OLED,1.57 inch,36 tiếng,watchOS 7.0,"Tiếng Việt, Tiếng Anh",https://dienthoaimoi.vn/dong-ho-apple-watch-series-6-thep-khong-gi-p407.html,APPLE WATCH,DIEN THOAI MOI
Apple Watch Series 3 LTE 42mm Thép Cũ 99%,6.690.000 VNĐ,OLED,1.65 inch,36 tiếng,watchOS 6.0,"Tiếng Việt, Tiếng Anh",https://dienthoaimoi.vn/apple-watch-series-3-42mm-thep-cu-99-p500.html,APPLE WATCH,DIEN THOAI MOI
