Tên sản phẩm,Giá sản phẩm,Loại màn hình,Chip,Tính năng khác,Pin,Bluetooth,Hỗ trợ sim,Link,Thể loại sản phẩm,Cửa hàng
Đồng hồ Apple watch series 6 - Thép Milan - LTE 44mm - New 100%,"19,390,000 VNĐ",Always-On Retina,Apple S6,- Đo nồng độ oxy trong máu - Đo điện tâm đồ ECG - Nghe nhạc trên Apple Music - Các tính năng luyện tập thể dục - Thay đổi mặt đồng hồ,- Thời lượng pin 18 giờ - Sạc đầy trong 1.5 giờ,,,https://onewaymobile.vn/apple-watch/dong-ho-apple-watch-series-6-thep-milan-lte-44mm-new-100-dp331.html,APPLE WATCH,ONE WAY MOBILE
Đồng hồ Apple watch series 6 - Thép Milan - LTE 40mm - New 100%,"18,290,000 VNĐ",Always-On Retina,Apple S6,- Đo nồng độ oxy trong máu - Đo điện tâm đồ ECG - Nghe nhạc trên Apple Music - Các tính năng luyện tập thể dục - Thay đổi mặt đồng hồ,- Thời lượng pin 18 giờ - Sạc đầy trong 1.5 giờ,,,https://onewaymobile.vn/apple-watch/dong-ho-apple-watch-series-6-thep-milan-lte-40mm-new-100-dp329.html,APPLE WATCH,ONE WAY MOBILE
Đồng hồ Apple watch series 6 - Thép - LTE 44mm - New 100%,"16,990,000 VNĐ",Always-On Retina,Apple S6,- Đo nồng độ oxy trong máu - Đo điện tâm đồ ECG - Nghe nhạc trên Apple Music - Các tính năng luyện tập thể dục - Thay đổi mặt đồng hồ,- Thời lượng pin 18 giờ - Sạc đầy trong 1.5 giờ,,,https://onewaymobile.vn/apple-watch/dong-ho-apple-watch-series-6---thep---lte-44mm---new-100-dp371.html,APPLE WATCH,ONE WAY MOBILE
Đồng hồ Apple watch series 6 - Thép - LTE 40mm - New 100%,"16,390,000 VNĐ",Always-On Retina,Apple S6,- Đo nồng độ oxy trong máu - Đo điện tâm đồ ECG - Nghe nhạc trên Apple Music - Các tính năng luyện tập thể dục - Thay đổi mặt đồng hồ,- Thời lượng pin 18 giờ - Sạc đầy trong 1.5 giờ,,,https://onewaymobile.vn/apple-watch/dong-ho-apple-watch-series-6---thep---lte-40mm---new-100-dp372.html,APPLE WATCH,ONE WAY MOBILE
Đồng hồ Apple watch series 5 - Thép - Milan - LTE 44mm - New 100%,"14,990,000 VNĐ","LTPO OLED capacitive touchscreen, 16M colors",Apple S5,,Thời gian sử dụng  18h tiếng,"5.0, A2DP, LE",Không,https://onewaymobile.vn/apple-watch/dong-ho-apple-watch-series-5-thep-milan-lte-44mm-new-100-dp213.html,APPLE WATCH,ONE WAY MOBILE
Đồng hồ Apple watch series 5 - Thép - Milan - LTE 40mm - New 100%,"14,390,000 VNĐ","LTPO OLED capacitive touchscreen, 16M colors",Apple S5,,Thời gian sử dụng  18h tiếng,"5.0, A2DP, LE",Không,https://onewaymobile.vn/apple-watch/dong-ho-apple-watch-series-5-thep-milan-lte-40mm-new-100-dp208.html,APPLE WATCH,ONE WAY MOBILE
Đồng hồ Apple watch series 5 - Thép - LTE 44mm - New 100%,"14,290,000 VNĐ","LTPO OLED capacitive touchscreen, 16M colors",Apple S5,,Thời gian sử dụng  18h tiếng,"5.0, A2DP, LE",Không,https://onewaymobile.vn/apple-watch/dong-ho-apple-watch-series-5-thep-lte-44mm-new-100-dp212.html,APPLE WATCH,ONE WAY MOBILE
Đồng hồ Apple watch series 5 - Thép - LTE 40mm - New 100%,"13,890,000 VNĐ","LTPO OLED capacitive touchscreen, 16M colors",Apple S5,,Thời gian sử dụng  18h tiếng,"5.0, A2DP, LE",Không,https://onewaymobile.vn/apple-watch/dong-ho-apple-watch-series-5-thep-lte-40mm-new-100-dp207.html,APPLE WATCH,ONE WAY MOBILE
Đồng hồ Apple watch series 6 - Nhôm - LTE add eSim 44mm - New 100%,"13,290,000 VNĐ",Always-On Retina,Apple S6,- Đo nồng độ oxy trong máu - Đo điện tâm đồ ECG - Nghe nhạc trên Apple Music - Các tính năng luyện tập thể dục - Thay đổi mặt đồng hồ,- Thời lượng pin 18 giờ - Sạc đầy trong 1.5 giờ,,,https://onewaymobile.vn/apple-watch/dong-ho-apple-watch-series-6-nhom-lte-add-esim-44mm-new-100-dp374.html,APPLE WATCH,ONE WAY MOBILE
Đồng hồ Apple watch series 6 - Nhôm - LTE add eSim 40mm - New 100%,"12,390,000 VNĐ",Always-On Retina,Apple S6,- Đo nồng độ oxy trong máu - Đo điện tâm đồ ECG - Nghe nhạc trên Apple Music - Các tính năng luyện tập thể dục - Thay đổi mặt đồng hồ,- Thời lượng pin 18 giờ - Sạc đầy trong 1.5 giờ,,,https://onewaymobile.vn/apple-watch/dong-ho-apple-watch-series-6-nhom-lte-add-esim-40mm-new-100-dp373.html,APPLE WATCH,ONE WAY MOBILE
Đồng hồ Apple watch series 5 - Nhôm - Add esim - LTE 44mm - New 100%,"10,290,000 VNĐ","LTPO OLED capacitive touchscreen, 16M colors",Apple S5,,Thời gian sử dụng  18h tiếng,"5.0, A2DP, LE",Không,https://onewaymobile.vn/apple-watch/apple-watch-series-5-nhom-add-esim-lte-44mm-new-100-dp210.html,APPLE WATCH,ONE WAY MOBILE
Đồng hồ Apple watch series 6 - Nhôm - GPS 44mm - New 100%,"9,790,000 VNĐ",Always-On Retina,Apple S6,- Đo nồng độ oxy trong máu - Đo điện tâm đồ ECG - Nghe nhạc trên Apple Music - Các tính năng luyện tập thể dục - Thay đổi mặt đồng hồ,- Thời lượng pin 18 giờ - Sạc đầy trong 1.5 giờ,,,https://onewaymobile.vn/apple-watch/dong-ho-apple-watch-series-6-nhom-gps-44mm-new-100-dp330.html,APPLE WATCH,ONE WAY MOBILE
Đồng hồ Apple watch series 5 - Nhôm  - LTE 40mm Add Esim - New 100%,"9,690,000 VNĐ","LTPO OLED capacitive touchscreen, 16M colors",Apple S5,,Thời gian sử dụng  18h tiếng,"5.0, A2DP, LE",Không,https://onewaymobile.vn/apple-watch/dong-ho-apple-watch-series-5-nhom-lte-40mm-new-100-dp206.html,APPLE WATCH,ONE WAY MOBILE
Đồng hồ Apple watch series 6 - Nhôm - GPS 40mm - New 100%,"9,290,000 VNĐ",Always-On Retina,Apple S6,- Đo nồng độ oxy trong máu - Đo điện tâm đồ ECG - Nghe nhạc trên Apple Music - Các tính năng luyện tập thể dục - Thay đổi mặt đồng hồ,- Thời lượng pin 18 giờ - Sạc đầy trong 1.5 giờ,,,https://onewaymobile.vn/apple-watch/dong-ho-apple-watch-series-6-nhom-gps-40mm-new-100-dp328.html,APPLE WATCH,ONE WAY MOBILE
Đồng hồ Apple watch series 6 - Nhôm - GPS 44mm - New 99%,"9,290,000 VNĐ",Always-On Retina,Apple S6,- Đo nồng độ oxy trong máu - Đo điện tâm đồ ECG - Nghe nhạc trên Apple Music - Các tính năng luyện tập thể dục - Thay đổi mặt đồng hồ,- Thời lượng pin 18 giờ - Sạc đầy trong 1.5 giờ,,,https://onewaymobile.vn/apple-watch/dong-ho-apple-watch-series-6-nhom-gps-44mm-new-99-dp426.html,APPLE WATCH,ONE WAY MOBILE
Đồng hồ Apple watch series 5 - Nhôm - GPS 44mm - New 100%,"9,090,000 VNĐ","LTPO OLED capacitive touchscreen, 16M colors",Apple S5,,Thời gian sử dụng  18h tiếng,"5.0, A2DP, LE",Không,https://onewaymobile.vn/apple-watch/dong-ho-apple-watch-series-5---nhom---lte-44mm---new-100-dp376.html,APPLE WATCH,ONE WAY MOBILE
Đồng hồ Apple watch series 5 - Nhôm - Dây Sport - GPS 44mm - New 100%,"9,090,000 VNĐ","LTPO OLED capacitive touchscreen, 16M colors",Apple S5,,Thời gian sử dụng  18h tiếng,"5.0, A2DP, LE",Không,https://onewaymobile.vn/apple-watch/dong-ho-apple-watch-series-5-nhom-day-sport-gps-44mm-new-100-dp209.html,APPLE WATCH,ONE WAY MOBILE
Đồng hồ Apple watch SE - Nhôm - LTE add Esim 44mm - New 100%,"9,090,000 VNĐ",Retina LTPO OLED,S5 SiP,"GPS/GNSS,cảm biến nhịp tim,la bàn Sạc không dây",,5.0,,https://onewaymobile.vn/apple-watch/dong-ho-apple-watch-se-nhom-lte-44mm-new-100-dp332.html,APPLE WATCH,ONE WAY MOBILE
Đồng hồ Apple Watch SE - Nhôm - LTE add Esim 40mm - New 100%,"8,790,000 VNĐ",Retina LTPO OLED,S5 SiP,"GPS/GNSS,cảm biến nhịp tim,la bàn Sạc không dây",,5.0,,https://onewaymobile.vn/apple-watch/apple-watch-se-nhom-lte-add-esim-40mm-new-100-dp375.html,APPLE WATCH,ONE WAY MOBILE
Đồng hồ Apple watch series 5 - Nhôm - GPS 40mm - New 100%,"8,690,000 VNĐ","LTPO OLED capacitive touchscreen, 16M colors",Apple S5,,Thời gian sử dụng  18h tiếng,"5.0, A2DP, LE",Không,https://onewaymobile.vn/apple-watch/dong-ho-apple-watch-series-5-nhom-gps-40mm-new-100-dp205.html,APPLE WATCH,ONE WAY MOBILE
Đồng hồ Apple watch series 6 - Nhôm - GPS 40mm - New 99%,"8,390,000 VNĐ",Always-On Retina,Apple S6,- Đo nồng độ oxy trong máu - Đo điện tâm đồ ECG - Nghe nhạc trên Apple Music - Các tính năng luyện tập thể dục - Thay đổi mặt đồng hồ,- Thời lượng pin 18 giờ - Sạc đầy trong 1.5 giờ,,,https://onewaymobile.vn/apple-watch/dong-ho-apple-watch-series-6-nhom-gps-40mm-new-99-dp427.html,APPLE WATCH,ONE WAY MOBILE
Đồng hồ Apple watch SE - Nhôm - GPS 44mm - New 100%,"8,190,000 VNĐ",Retina LTPO OLED,S5 SiP,"GPS/GNSS,cảm biến nhịp tim,la bàn Sạc không dây",,5.0,,https://onewaymobile.vn/apple-watch/dong-ho-apple-watch-se-nhom-gps-44mm-new-100-dp333.html,APPLE WATCH,ONE WAY MOBILE
Đồng hồ Apple watch series 5 - Nhôm - GPS/ LTE 44mm - New 99%,"8,090,000 VNĐ",,,,,,,https://onewaymobile.vn/apple-watch/apple-watch-series-5-nhom-gps-lte-44mm-new-99-dp278.html,APPLE WATCH,ONE WAY MOBILE
Đồng hồ Apple watch series 5 - Nhôm - GPS/LTE 40mm - New 99%,"7,490,000 VNĐ","LTPO OLED capacitive touchscreen, 16M colors",updating,,Thời gian sử dụng  18h tiếng,"5.0, A2DP, LE",Nguyên khối,https://onewaymobile.vn/apple-watch/dong-ho-apple-watch-series-4-nhom-lte-40mm-new-99-dp277.html,APPLE WATCH,ONE WAY MOBILE
Đồng hồ Apple watch SE - Nhôm - GPS 40mm - New 100%,"7,490,000 VNĐ",Retina LTPO OLED,S5 SiP,"GPS/GNSS,cảm biến nhịp tim,la bàn Sạc không dây",,5.0,,https://onewaymobile.vn/apple-watch/dong-ho-apple-watch-se-nhom-gps-40mm-new-100-dp334.html,APPLE WATCH,ONE WAY MOBILE
Đồng hồ Apple watch SE - Nhôm - GPS 44mm - New 99%,"7,190,000 VNĐ",Retina LTPO OLED,S5 SiP,"GPS/GNSS,cảm biến nhịp tim,la bàn Sạc không dây",,5.0,,https://onewaymobile.vn/apple-watch/dong-ho-apple-watch-se-nhom-gps-44mm-new-99-dp428.html,APPLE WATCH,ONE WAY MOBILE
Đồng hồ Apple watch series 4 - Nhôm - LTE 44mm - 99%,"6,790,000 VNĐ","LTPO OLED capacitive touchscreen, 16M colors",Apple S5,,Thời gian sử dụng  18h tiếng,"5.0, A2DP, LE",Không,https://onewaymobile.vn/apple-watch/dong-ho-apple-watch-series-4-nhom-lte-44mm-99-dp229.html,APPLE WATCH,ONE WAY MOBILE
Đồng hồ Apple watch series 4 - Nhôm - LTE 40mm - 99%,"6,490,000 VNĐ","LTPO OLED capacitive touchscreen, 16M colors",Apple S5,,Thời gian sử dụng  18h tiếng,"5.0, A2DP, LE",Không,https://onewaymobile.vn/apple-watch/dong-ho-apple-watch-series-4-nhom-lte-40mm-99-dp228.html,APPLE WATCH,ONE WAY MOBILE
Đồng hồ Apple watch series 3 - Nhôm - GPS/LTE 42mm - New 100%,"5,590,000 VNĐ",OLED capacitive touchscreen,Apple S5,,341mAh,"5.0, A2DP, LE",Không,https://onewaymobile.vn/apple-watch/dong-ho-apple-watch-series-3-nhom-lte-42mm-new-100-dp223.html,APPLE WATCH,ONE WAY MOBILE
Đồng hồ Apple watch series 3 - Nhôm - GPS/LTE 38mm - New 100%,"4,990,000 VNĐ",OLED capacitive touchscreen,Apple S5,,341mAh,"5.0, A2DP, LE",Không,https://onewaymobile.vn/apple-watch/dong-ho-apple-watch-series-3-nhom-lte-38mm-new-100-dp224.html,APPLE WATCH,ONE WAY MOBILE
Đồng hồ Apple watch series 3 - Nhôm - GPS/LTE 42mm - 99%,"4,590,000 VNĐ",OLED capacitive touchscreen,Apple S5,,341mAh,"5.0, A2DP, LE",Không,https://onewaymobile.vn/apple-watch/dong-ho-apple-watch-series-3-nhom-lte-42mm-99-dp227.html,APPLE WATCH,ONE WAY MOBILE
Đồng hồ Apple watch series 3 - Nhôm - LTE/GPS 38mm - 99%,"4,090,000 VNĐ",OLED capacitive touchscreen,Apple S5,,341mAh,"5.0, A2DP, LE",Không,https://onewaymobile.vn/apple-watch/dong-ho-apple-watch-series-3-nhom-ltegps-38mm-99-dp225.html,APPLE WATCH,ONE WAY MOBILE
